<?xml version="1.0" encoding="utf-8"?>
<!--/282384/55039/2.49/24/3/Integrated Circuit/-->
<quadcept_library>
  <setting unit="mil" />
  <textstyle name="Default" height="47.244094488189" strokewidth="7.8740157480315" charwidth="47.244094488189" />
  <textstyle name="Dimension" height="19.6850393700787" strokewidth="0" charwidth="19.6850393700787" />
  <textstyle name="H127W0635TH00762" height="50" strokewidth="3" charwidth="25" />
  <textstyle name="H15W15TH02" height="59.0551181102362" strokewidth="7.8740157480315" charwidth="59.0551181102362" />
  <padstyle name="r180_45" surface="True" plated="False" isvia="False" nopaste="False" nomask="True" complex="False" holesize="0">
    <padshape layer="TOP" shape="rectangle" width="17.716535433071" height="70.866141732283" />
    <padshape layer="TOP_SOLDER_MASK" shape="rectangle" width="25.590551181102" height="78.740157480314" />
    <padshape layer="TOP_SOLDER_PASTE" shape="rectangle" width="17.716535433071" height="70.866141732283" />
  </padstyle>
  <footprint name="SOP65P780X200-24N" originx="0" originy="0" pickpointx="0" pickpointy="0">
    <pcbpin number="1" name="1" style="r180_45" originx="-139.76377952756" originy="140.74803149606" rotation="90" />
    <pcbpin number="2" name="2" style="r180_45" originx="-139.76377952756" originy="115.15748031496" rotation="90" />
    <pcbpin number="3" name="3" style="r180_45" originx="-139.76377952756" originy="89.566929133857" rotation="90" />
    <pcbpin number="4" name="4" style="r180_45" originx="-139.76377952756" originy="63.976377952755" rotation="90" />
    <pcbpin number="5" name="5" style="r180_45" originx="-139.76377952756" originy="38.385826771653" rotation="90" />
    <pcbpin number="6" name="6" style="r180_45" originx="-139.76377952756" originy="12.795275590551" rotation="90" />
    <pcbpin number="7" name="7" style="r180_45" originx="-139.76377952756" originy="-12.795275590551" rotation="90" />
    <pcbpin number="8" name="8" style="r180_45" originx="-139.76377952756" originy="-38.385826771653" rotation="90" />
    <pcbpin number="9" name="9" style="r180_45" originx="-139.76377952756" originy="-63.976377952755" rotation="90" />
    <pcbpin number="10" name="10" style="r180_45" originx="-139.76377952756" originy="-89.566929133857" rotation="90" />
    <pcbpin number="11" name="11" style="r180_45" originx="-139.76377952756" originy="-115.15748031496" rotation="90" />
    <pcbpin number="12" name="12" style="r180_45" originx="-139.76377952756" originy="-140.74803149606" rotation="90" />
    <pcbpin number="13" name="13" style="r180_45" originx="139.76377952756" originy="-140.74803149606" rotation="90" />
    <pcbpin number="14" name="14" style="r180_45" originx="139.76377952756" originy="-115.15748031496" rotation="90" />
    <pcbpin number="15" name="15" style="r180_45" originx="139.76377952756" originy="-89.566929133857" rotation="90" />
    <pcbpin number="16" name="16" style="r180_45" originx="139.76377952756" originy="-63.976377952755" rotation="90" />
    <pcbpin number="17" name="17" style="r180_45" originx="139.76377952756" originy="-38.385826771653" rotation="90" />
    <pcbpin number="18" name="18" style="r180_45" originx="139.76377952756" originy="-12.795275590551" rotation="90" />
    <pcbpin number="19" name="19" style="r180_45" originx="139.76377952756" originy="12.795275590551" rotation="90" />
    <pcbpin number="20" name="20" style="r180_45" originx="139.76377952756" originy="38.385826771653" rotation="90" />
    <pcbpin number="21" name="21" style="r180_45" originx="139.76377952756" originy="63.976377952755" rotation="90" />
    <pcbpin number="22" name="22" style="r180_45" originx="139.76377952756" originy="89.566929133857" rotation="90" />
    <pcbpin number="23" name="23" style="r180_45" originx="139.76377952756" originy="115.15748031496" rotation="90" />
    <pcbpin number="24" name="24" style="r180_45" originx="139.76377952756" originy="140.74803149606" rotation="90" />
    <line layer="TOP_PLACE_BOUND" originx="-185.03937007874" originy="177.16535433071" endx="185.03937007874" endy="177.16535433071" width="1.9685039370079" />
    <line layer="TOP_PLACE_BOUND" originx="185.03937007874" originy="177.16535433071" endx="185.03937007874" endy="-177.16535433071" width="1.9685039370079" />
    <line layer="TOP_PLACE_BOUND" originx="185.03937007874" originy="-177.16535433071" endx="-185.03937007874" endy="-177.16535433071" width="1.9685039370079" />
    <line layer="TOP_PLACE_BOUND" originx="-185.03937007874" originy="-177.16535433071" endx="-185.03937007874" endy="177.16535433071" width="1.9685039370079" />
    <line layer="TOP_ASSEMBLY" originx="-104.33070866142" originy="161.41732283464" endx="104.33070866142" endy="161.41732283464" width="3.9370078740157" />
    <line layer="TOP_ASSEMBLY" originx="104.33070866142" originy="161.41732283464" endx="104.33070866142" endy="-161.41732283464" width="3.9370078740157" />
    <line layer="TOP_ASSEMBLY" originx="104.33070866142" originy="-161.41732283464" endx="-104.33070866142" endy="-161.41732283464" width="3.9370078740157" />
    <line layer="TOP_ASSEMBLY" originx="-104.33070866142" originy="-161.41732283464" endx="-104.33070866142" endy="161.41732283464" width="3.9370078740157" />
    <line layer="TOP_ASSEMBLY" originx="-104.33070866142" originy="135.82677165354" endx="-78.740157480314" endy="161.41732283464" width="3.9370078740157" />
    <line layer="TOP_SILKSCREEN" originx="-90.551181102361" originy="161.41732283464" endx="90.551181102361" endy="161.41732283464" width="7.8740157480314" />
    <line layer="TOP_SILKSCREEN" originx="90.551181102361" originy="161.41732283464" endx="90.551181102361" endy="-161.41732283464" width="7.8740157480314" />
    <line layer="TOP_SILKSCREEN" originx="90.551181102361" originy="-161.41732283464" endx="-90.551181102361" endy="-161.41732283464" width="7.8740157480314" />
    <line layer="TOP_SILKSCREEN" originx="-90.551181102361" originy="-161.41732283464" endx="-90.551181102361" endy="161.41732283464" width="7.8740157480314" />
    <line layer="TOP_SILKSCREEN" originx="-175.1968503937" originy="163.38582677165" endx="-104.33070866142" endy="163.38582677165" width="7.8740157480314" />
  </footprint>
  <symbol name="CD74HC4067SM96" originx="0" originy="0">
    <line originx="200" originy="100" endx="1600" endy="100" width="0" />
    <line originx="1600" originy="-1200" endx="1600" endy="100" width="0" />
    <line originx="1600" originy="-1200" endx="200" endy="-1200" width="0" />
    <line originx="200" originy="100" endx="200" endy="-1200" width="0" />
    <sympin number="1" originx="200" originy="0" rotation="180" length="100" width="7.8740157480315" flipped="False">
      <text name="pinname" originx="230" originy="0" style="Default" rotation="0" justify="left" flipped="False" hidden="False" data="COMMON_INPUT/OUTPUT" />
      <text name="pindes" originx="140" originy="20" style="Default" rotation="0" justify="lowerright" flipped="False" hidden="False" data="1" />
    </sympin>
    <sympin number="2" originx="200" originy="-100" rotation="180" length="100" width="7.8740157480315" flipped="False">
      <text name="pinname" originx="230" originy="-100" style="Default" rotation="0" justify="left" flipped="False" hidden="False" data="I7" />
      <text name="pindes" originx="140" originy="-80" style="Default" rotation="0" justify="lowerright" flipped="False" hidden="False" data="2" />
    </sympin>
    <sympin number="3" originx="200" originy="-200" rotation="180" length="100" width="7.8740157480315" flipped="False">
      <text name="pinname" originx="230" originy="-200" style="Default" rotation="0" justify="left" flipped="False" hidden="False" data="I6" />
      <text name="pindes" originx="140" originy="-180" style="Default" rotation="0" justify="lowerright" flipped="False" hidden="False" data="3" />
    </sympin>
    <sympin number="4" originx="200" originy="-300" rotation="180" length="100" width="7.8740157480315" flipped="False">
      <text name="pinname" originx="230" originy="-300" style="Default" rotation="0" justify="left" flipped="False" hidden="False" data="I5" />
      <text name="pindes" originx="140" originy="-280" style="Default" rotation="0" justify="lowerright" flipped="False" hidden="False" data="4" />
    </sympin>
    <sympin number="5" originx="200" originy="-400" rotation="180" length="100" width="7.8740157480315" flipped="False">
      <text name="pinname" originx="230" originy="-400" style="Default" rotation="0" justify="left" flipped="False" hidden="False" data="I4" />
      <text name="pindes" originx="140" originy="-380" style="Default" rotation="0" justify="lowerright" flipped="False" hidden="False" data="5" />
    </sympin>
    <sympin number="6" originx="200" originy="-500" rotation="180" length="100" width="7.8740157480315" flipped="False">
      <text name="pinname" originx="230" originy="-500" style="Default" rotation="0" justify="left" flipped="False" hidden="False" data="I3" />
      <text name="pindes" originx="140" originy="-480" style="Default" rotation="0" justify="lowerright" flipped="False" hidden="False" data="6" />
    </sympin>
    <sympin number="7" originx="200" originy="-600" rotation="180" length="100" width="7.8740157480315" flipped="False">
      <text name="pinname" originx="230" originy="-600" style="Default" rotation="0" justify="left" flipped="False" hidden="False" data="I2" />
      <text name="pindes" originx="140" originy="-580" style="Default" rotation="0" justify="lowerright" flipped="False" hidden="False" data="7" />
    </sympin>
    <sympin number="8" originx="200" originy="-700" rotation="180" length="100" width="7.8740157480315" flipped="False">
      <text name="pinname" originx="230" originy="-700" style="Default" rotation="0" justify="left" flipped="False" hidden="False" data="I1" />
      <text name="pindes" originx="140" originy="-680" style="Default" rotation="0" justify="lowerright" flipped="False" hidden="False" data="8" />
    </sympin>
    <sympin number="9" originx="200" originy="-800" rotation="180" length="100" width="7.8740157480315" flipped="False">
      <text name="pinname" originx="230" originy="-800" style="Default" rotation="0" justify="left" flipped="False" hidden="False" data="I0" />
      <text name="pindes" originx="140" originy="-780" style="Default" rotation="0" justify="lowerright" flipped="False" hidden="False" data="9" />
    </sympin>
    <sympin number="10" originx="200" originy="-900" rotation="180" length="100" width="7.8740157480315" flipped="False">
      <text name="pinname" originx="230" originy="-900" style="Default" rotation="0" justify="left" flipped="False" hidden="False" data="S0" />
      <text name="pindes" originx="140" originy="-880" style="Default" rotation="0" justify="lowerright" flipped="False" hidden="False" data="10" />
    </sympin>
    <sympin number="11" originx="200" originy="-1000" rotation="180" length="100" width="7.8740157480315" flipped="False">
      <text name="pinname" originx="230" originy="-1000" style="Default" rotation="0" justify="left" flipped="False" hidden="False" data="S1" />
      <text name="pindes" originx="140" originy="-980" style="Default" rotation="0" justify="lowerright" flipped="False" hidden="False" data="11" />
    </sympin>
    <sympin number="12" originx="200" originy="-1100" rotation="180" length="100" width="7.8740157480315" flipped="False">
      <text name="pinname" originx="230" originy="-1100" style="Default" rotation="0" justify="left" flipped="False" hidden="False" data="GND" />
      <text name="pindes" originx="140" originy="-1080" style="Default" rotation="0" justify="lowerright" flipped="False" hidden="False" data="12" />
    </sympin>
    <sympin number="24" originx="1600" originy="0" rotation="0" length="100" width="7.8740157480315" flipped="False">
      <text name="pinname" originx="1570" originy="0" style="Default" rotation="0" justify="right" flipped="False" hidden="False" data="VCC" />
      <text name="pindes" originx="1660" originy="20" style="Default" rotation="0" justify="lowerleft" flipped="False" hidden="False" data="24" />
    </sympin>
    <sympin number="23" originx="1600" originy="-100" rotation="0" length="100" width="7.8740157480315" flipped="False">
      <text name="pinname" originx="1570" originy="-100" style="Default" rotation="0" justify="right" flipped="False" hidden="False" data="I8" />
      <text name="pindes" originx="1660" originy="-80" style="Default" rotation="0" justify="lowerleft" flipped="False" hidden="False" data="23" />
    </sympin>
    <sympin number="22" originx="1600" originy="-200" rotation="0" length="100" width="7.8740157480315" flipped="False">
      <text name="pinname" originx="1570" originy="-200" style="Default" rotation="0" justify="right" flipped="False" hidden="False" data="I9" />
      <text name="pindes" originx="1660" originy="-180" style="Default" rotation="0" justify="lowerleft" flipped="False" hidden="False" data="22" />
    </sympin>
    <sympin number="21" originx="1600" originy="-300" rotation="0" length="100" width="7.8740157480315" flipped="False">
      <text name="pinname" originx="1570" originy="-300" style="Default" rotation="0" justify="right" flipped="False" hidden="False" data="I10" />
      <text name="pindes" originx="1660" originy="-280" style="Default" rotation="0" justify="lowerleft" flipped="False" hidden="False" data="21" />
    </sympin>
    <sympin number="20" originx="1600" originy="-400" rotation="0" length="100" width="7.8740157480315" flipped="False">
      <text name="pinname" originx="1570" originy="-400" style="Default" rotation="0" justify="right" flipped="False" hidden="False" data="I11" />
      <text name="pindes" originx="1660" originy="-380" style="Default" rotation="0" justify="lowerleft" flipped="False" hidden="False" data="20" />
    </sympin>
    <sympin number="19" originx="1600" originy="-500" rotation="0" length="100" width="7.8740157480315" flipped="False">
      <text name="pinname" originx="1570" originy="-500" style="Default" rotation="0" justify="right" flipped="False" hidden="False" data="I12" />
      <text name="pindes" originx="1660" originy="-480" style="Default" rotation="0" justify="lowerleft" flipped="False" hidden="False" data="19" />
    </sympin>
    <sympin number="18" originx="1600" originy="-600" rotation="0" length="100" width="7.8740157480315" flipped="False">
      <text name="pinname" originx="1570" originy="-600" style="Default" rotation="0" justify="right" flipped="False" hidden="False" data="I13" />
      <text name="pindes" originx="1660" originy="-580" style="Default" rotation="0" justify="lowerleft" flipped="False" hidden="False" data="18" />
    </sympin>
    <sympin number="17" originx="1600" originy="-700" rotation="0" length="100" width="7.8740157480315" flipped="False">
      <text name="pinname" originx="1570" originy="-700" style="Default" rotation="0" justify="right" flipped="False" hidden="False" data="I14" />
      <text name="pindes" originx="1660" originy="-680" style="Default" rotation="0" justify="lowerleft" flipped="False" hidden="False" data="17" />
    </sympin>
    <sympin number="16" originx="1600" originy="-800" rotation="0" length="100" width="7.8740157480315" flipped="False">
      <text name="pinname" originx="1570" originy="-800" style="Default" rotation="0" justify="right" flipped="False" hidden="False" data="I15" />
      <text name="pindes" originx="1660" originy="-780" style="Default" rotation="0" justify="lowerleft" flipped="False" hidden="False" data="16" />
    </sympin>
    <sympin number="15" originx="1600" originy="-900" rotation="0" length="100" width="7.8740157480315" flipped="False">
      <text name="pinname" originx="1570" originy="-900" style="Default" rotation="0" justify="right" flipped="False" hidden="False" data="\E" />
      <text name="pindes" originx="1660" originy="-880" style="Default" rotation="0" justify="lowerleft" flipped="False" hidden="False" data="15" />
    </sympin>
    <sympin number="14" originx="1600" originy="-1000" rotation="0" length="100" width="7.8740157480315" flipped="False">
      <text name="pinname" originx="1570" originy="-1000" style="Default" rotation="0" justify="right" flipped="False" hidden="False" data="S2" />
      <text name="pindes" originx="1660" originy="-980" style="Default" rotation="0" justify="lowerleft" flipped="False" hidden="False" data="14" />
    </sympin>
    <sympin number="13" originx="1600" originy="-1100" rotation="0" length="100" width="7.8740157480315" flipped="False">
      <text name="pinname" originx="1570" originy="-1100" style="Default" rotation="0" justify="right" flipped="False" hidden="False" data="S3" />
      <text name="pindes" originx="1660" originy="-1080" style="Default" rotation="0" justify="lowerleft" flipped="False" hidden="False" data="13" />
    </sympin>
  </symbol>
  <component name="CD74HC4067SM96" designatorprefix="IC" height="78.740157480314" footprint="SOP65P780X200-24N">
    <comppin designator="1" sympin="1" pinswap="0" gateswap="0" gate="1" group="1" side="" type="Any" name="COMMON_INPUT/OUTPUT" />
    <comppin designator="2" sympin="2" pinswap="0" gateswap="0" gate="1" group="1" side="" type="Any" name="I7" />
    <comppin designator="3" sympin="3" pinswap="0" gateswap="0" gate="1" group="1" side="" type="Any" name="I6" />
    <comppin designator="4" sympin="4" pinswap="0" gateswap="0" gate="1" group="1" side="" type="Any" name="I5" />
    <comppin designator="5" sympin="5" pinswap="0" gateswap="0" gate="1" group="1" side="" type="Any" name="I4" />
    <comppin designator="6" sympin="6" pinswap="0" gateswap="0" gate="1" group="1" side="" type="Any" name="I3" />
    <comppin designator="7" sympin="7" pinswap="0" gateswap="0" gate="1" group="1" side="" type="Any" name="I2" />
    <comppin designator="8" sympin="8" pinswap="0" gateswap="0" gate="1" group="1" side="" type="Any" name="I1" />
    <comppin designator="9" sympin="9" pinswap="0" gateswap="0" gate="1" group="1" side="" type="Any" name="I0" />
    <comppin designator="10" sympin="10" pinswap="0" gateswap="0" gate="1" group="1" side="" type="Any" name="S0" />
    <comppin designator="11" sympin="11" pinswap="0" gateswap="0" gate="1" group="1" side="" type="Any" name="S1" />
    <comppin designator="12" sympin="12" pinswap="0" gateswap="0" gate="1" group="1" side="" type="Any" name="GND" />
    <comppin designator="13" sympin="13" pinswap="0" gateswap="0" gate="1" group="1" side="" type="Any" name="S3" />
    <comppin designator="14" sympin="14" pinswap="0" gateswap="0" gate="1" group="1" side="" type="Any" name="S2" />
    <comppin designator="15" sympin="15" pinswap="0" gateswap="0" gate="1" group="1" side="" type="Any" name="|E" />
    <comppin designator="16" sympin="16" pinswap="0" gateswap="0" gate="1" group="1" side="" type="Any" name="I15" />
    <comppin designator="17" sympin="17" pinswap="0" gateswap="0" gate="1" group="1" side="" type="Any" name="I14" />
    <comppin designator="18" sympin="18" pinswap="0" gateswap="0" gate="1" group="1" side="" type="Any" name="I13" />
    <comppin designator="19" sympin="19" pinswap="0" gateswap="0" gate="1" group="1" side="" type="Any" name="I12" />
    <comppin designator="20" sympin="20" pinswap="0" gateswap="0" gate="1" group="1" side="" type="Any" name="I11" />
    <comppin designator="21" sympin="21" pinswap="0" gateswap="0" gate="1" group="1" side="" type="Any" name="I10" />
    <comppin designator="22" sympin="22" pinswap="0" gateswap="0" gate="1" group="1" side="" type="Any" name="I9" />
    <comppin designator="23" sympin="23" pinswap="0" gateswap="0" gate="1" group="1" side="" type="Any" name="I8" />
    <comppin designator="24" sympin="24" pinswap="0" gateswap="0" gate="1" group="1" side="" type="Any" name="VCC" />
    <attached_symbol gate="1" name="CD74HC4067SM96" />
    <pinmap designator="1" footprintpin="1" />
    <pinmap designator="2" footprintpin="2" />
    <pinmap designator="3" footprintpin="3" />
    <pinmap designator="4" footprintpin="4" />
    <pinmap designator="5" footprintpin="5" />
    <pinmap designator="6" footprintpin="6" />
    <pinmap designator="7" footprintpin="7" />
    <pinmap designator="8" footprintpin="8" />
    <pinmap designator="9" footprintpin="9" />
    <pinmap designator="10" footprintpin="10" />
    <pinmap designator="11" footprintpin="11" />
    <pinmap designator="12" footprintpin="12" />
    <pinmap designator="13" footprintpin="13" />
    <pinmap designator="14" footprintpin="14" />
    <pinmap designator="15" footprintpin="15" />
    <pinmap designator="16" footprintpin="16" />
    <pinmap designator="17" footprintpin="17" />
    <pinmap designator="18" footprintpin="18" />
    <pinmap designator="19" footprintpin="19" />
    <pinmap designator="20" footprintpin="20" />
    <pinmap designator="21" footprintpin="21" />
    <pinmap designator="22" footprintpin="22" />
    <pinmap designator="23" footprintpin="23" />
    <pinmap designator="24" footprintpin="24" />
    <text name="Datasheet" originx="0" originy="0" style="Default" rotation="0" justify="" flipped="False" hidden="True" data="http://uk.rs-online.com/web/p/products/6622570P" />
    <text name="Description" originx="0" originy="0" style="Default" rotation="0" justify="" flipped="False" hidden="True" data="High Speed CMOS 16-Ch MUX/DEMUX 24P SOIC CD74HC4067SM96, Multiplexer/Demultiplexer Single 16:1, 3 V, 5 V, 24-Pin, SSOP, 1" />
    <text name="RS Part Number" originx="0" originy="0" style="Default" rotation="0" justify="" flipped="False" hidden="True" data="6622570P" />
    <text name="RS Price/Stock" originx="0" originy="0" style="Default" rotation="0" justify="" flipped="False" hidden="True" data="http://uk.rs-online.com/web/p/products/6622570P" />
    <text name="Manufacturer_Name" originx="0" originy="0" style="Default" rotation="0" justify="" flipped="False" hidden="True" data="Texas Instruments" />
    <text name="Manufacturer_Part_Number" originx="1650" originy="200" style="Default" rotation="0" justify="left" flipped="False" hidden="False" data="CD74HC4067SM96" />
  </component>
</quadcept_library>
