<?xml version="1.0" encoding="utf-8"?>
<!--/1641301/55039/2.49/24/4/Switch/-->
<quadcept_library>
  <setting unit="mil" />
  <textstyle name="Default" height="47.244094488189" strokewidth="7.8740157480315" charwidth="47.244094488189" />
  <textstyle name="Dimension" height="19.6850393700787" strokewidth="0" charwidth="19.6850393700787" />
  <textstyle name="H127W0635TH00762" height="50" strokewidth="3" charwidth="25" />
  <textstyle name="H15W15TH02" height="59.0551181102362" strokewidth="7.8740157480315" charwidth="59.0551181102362" />
  <padstyle name="c150.9_h97" surface="False" plated="True" isvia="False" nopaste="True" nomask="True" complex="False" holesize="38.188976377952">
    <padshape layer="TOP" shape="round" width="59.409448818897" height="59.409448818897" />
    <padshape layer="TOP_SOLDER_MASK" shape="round" width="67.283464566928" height="67.283464566928" />
    <padshape layer="INNER" shape="round" width="59.409448818897" height="59.409448818897" />
    <padshape layer="BOTTOM" shape="round" width="59.409448818897" height="59.409448818897" />
    <padshape layer="BOTTOM_SOLDER_MASK" shape="round" width="67.283464566928" height="67.283464566928" />
  </padstyle>
  <footprint name="NDS12V" originx="0" originy="0" pickpointx="0" pickpointy="0">
    <pcbpin number="1" name="1" style="c150.9_h97" originx="0" originy="0" rotation="90" />
    <pcbpin number="2" name="2" style="c150.9_h97" originx="99.999999999999" originy="0" rotation="90" />
    <pcbpin number="3" name="3" style="c150.9_h97" originx="200" originy="0" rotation="90" />
    <pcbpin number="4" name="4" style="c150.9_h97" originx="300" originy="0" rotation="90" />
    <pcbpin number="5" name="5" style="c150.9_h97" originx="400" originy="0" rotation="90" />
    <pcbpin number="6" name="6" style="c150.9_h97" originx="499.99999999999" originy="0" rotation="90" />
    <pcbpin number="7" name="7" style="c150.9_h97" originx="599.99999999999" originy="0" rotation="90" />
    <pcbpin number="8" name="8" style="c150.9_h97" originx="699.99999999999" originy="0" rotation="90" />
    <pcbpin number="9" name="9" style="c150.9_h97" originx="799.99999999999" originy="0" rotation="90" />
    <pcbpin number="10" name="10" style="c150.9_h97" originx="899.99999999999" originy="0" rotation="90" />
    <pcbpin number="11" name="11" style="c150.9_h97" originx="999.99999999999" originy="0" rotation="90" />
    <pcbpin number="12" name="12" style="c150.9_h97" originx="1100" originy="0" rotation="90" />
    <pcbpin number="13" name="13" style="c150.9_h97" originx="1100" originy="300" rotation="90" />
    <pcbpin number="14" name="14" style="c150.9_h97" originx="999.99999999999" originy="300" rotation="90" />
    <pcbpin number="15" name="15" style="c150.9_h97" originx="899.99999999999" originy="300" rotation="90" />
    <pcbpin number="16" name="16" style="c150.9_h97" originx="799.99999999999" originy="300" rotation="90" />
    <pcbpin number="17" name="17" style="c150.9_h97" originx="699.99999999999" originy="300" rotation="90" />
    <pcbpin number="18" name="18" style="c150.9_h97" originx="599.99999999999" originy="300" rotation="90" />
    <pcbpin number="19" name="19" style="c150.9_h97" originx="499.99999999999" originy="300" rotation="90" />
    <pcbpin number="20" name="20" style="c150.9_h97" originx="400" originy="300" rotation="90" />
    <pcbpin number="21" name="21" style="c150.9_h97" originx="300" originy="300" rotation="90" />
    <pcbpin number="22" name="22" style="c150.9_h97" originx="200" originy="300" rotation="90" />
    <pcbpin number="23" name="23" style="c150.9_h97" originx="99.999999999999" originy="300" rotation="90" />
    <pcbpin number="24" name="24" style="c150.9_h97" originx="0" originy="300" rotation="90" />
    <line layer="TOP_ASSEMBLY" originx="-76.771653543306" originy="-44.881889763779" endx="1176.7716535433" endy="-44.881889763779" width="7.8740157480314" />
    <line layer="TOP_ASSEMBLY" originx="1176.7716535433" originy="-44.881889763779" endx="1176.7716535433" endy="344.88188976378" width="7.8740157480314" />
    <line layer="TOP_ASSEMBLY" originx="1176.7716535433" originy="344.88188976378" endx="-76.771653543306" endy="344.88188976378" width="7.8740157480314" />
    <line layer="TOP_ASSEMBLY" originx="-76.771653543306" originy="344.88188976378" endx="-76.771653543306" endy="-44.881889763779" width="7.8740157480314" />
    <line layer="TOP_SILKSCREEN" originx="-76.771653543306" originy="344.88188976378" endx="1176.7716535433" endy="344.88188976378" width="3.9370078740157" />
    <line layer="TOP_SILKSCREEN" originx="1176.7716535433" originy="344.88188976378" endx="1176.7716535433" endy="-44.881889763779" width="3.9370078740157" />
    <line layer="TOP_SILKSCREEN" originx="1176.7716535433" originy="-44.881889763779" endx="-76.771653543306" endy="-44.881889763779" width="3.9370078740157" />
    <line layer="TOP_SILKSCREEN" originx="-76.771653543306" originy="-44.881889763779" endx="-76.771653543306" endy="344.88188976378" width="3.9370078740157" />
    <line layer="TOP_PLACE_BOUND" originx="-116.14173228346" originy="384.25196850393" endx="1216.1417322834" endy="384.25196850393" width="3.9370078740157" />
    <line layer="TOP_PLACE_BOUND" originx="1216.1417322834" originy="384.25196850393" endx="1216.1417322834" endy="-108.26771653543" width="3.9370078740157" />
    <line layer="TOP_PLACE_BOUND" originx="1216.1417322834" originy="-108.26771653543" endx="-116.14173228346" endy="-108.26771653543" width="3.9370078740157" />
    <line layer="TOP_PLACE_BOUND" originx="-116.14173228346" originy="-108.26771653543" endx="-116.14173228346" endy="384.25196850393" width="3.9370078740157" />
    <line layer="TOP_SILKSCREEN" originx="-3.9370078740157" originy="-66.929133858267" endx="-3.9370078740157" endy="-66.929133858267" width="7.8740157480314" />
    <arc layer="TOP_SILKSCREEN" originx="-1.9685039370078" originy="-66.929133858267" startangle="180.0" sweepangle="180.0" radius="1.9685039370079" width="7.8740157480314" />
    <line layer="TOP_SILKSCREEN" originx="0" originy="-66.929133858267" endx="0" endy="-66.929133858267" width="7.8740157480314" />
    <arc layer="TOP_SILKSCREEN" originx="-1.9685039370078" originy="-66.929133858267" startangle=".0" sweepangle="180.0" radius="1.9685039370079" width="7.8740157480314" />
    <line layer="TOP_SILKSCREEN" originx="-3.9370078740157" originy="-66.929133858267" endx="-3.9370078740157" endy="-66.929133858267" width="7.8740157480314" />
    <arc layer="TOP_SILKSCREEN" originx="-1.9685039370078" originy="-66.929133858267" startangle="180.0" sweepangle="180.0" radius="1.9685039370079" width="7.8740157480314" />
  </footprint>
  <symbol name="NDS-12V" originx="0" originy="0">
    <line originx="200" originy="100" endx="1100" endy="100" width="0" />
    <line originx="1100" originy="-1200" endx="1100" endy="100" width="0" />
    <line originx="1100" originy="-1200" endx="200" endy="-1200" width="0" />
    <line originx="200" originy="100" endx="200" endy="-1200" width="0" />
    <sympin number="1" originx="200" originy="0" rotation="180" length="100" width="7.8740157480315" flipped="False">
      <text name="pinname" originx="230" originy="0" style="Default" rotation="0" justify="left" flipped="False" hidden="False" data="COM_1" />
      <text name="pindes" originx="140" originy="20" style="Default" rotation="0" justify="lowerright" flipped="False" hidden="False" data="1" />
    </sympin>
    <sympin number="2" originx="200" originy="-100" rotation="180" length="100" width="7.8740157480315" flipped="False">
      <text name="pinname" originx="230" originy="-100" style="Default" rotation="0" justify="left" flipped="False" hidden="False" data="COM_2" />
      <text name="pindes" originx="140" originy="-80" style="Default" rotation="0" justify="lowerright" flipped="False" hidden="False" data="2" />
    </sympin>
    <sympin number="3" originx="200" originy="-200" rotation="180" length="100" width="7.8740157480315" flipped="False">
      <text name="pinname" originx="230" originy="-200" style="Default" rotation="0" justify="left" flipped="False" hidden="False" data="COM_3" />
      <text name="pindes" originx="140" originy="-180" style="Default" rotation="0" justify="lowerright" flipped="False" hidden="False" data="3" />
    </sympin>
    <sympin number="4" originx="200" originy="-300" rotation="180" length="100" width="7.8740157480315" flipped="False">
      <text name="pinname" originx="230" originy="-300" style="Default" rotation="0" justify="left" flipped="False" hidden="False" data="COM_4" />
      <text name="pindes" originx="140" originy="-280" style="Default" rotation="0" justify="lowerright" flipped="False" hidden="False" data="4" />
    </sympin>
    <sympin number="5" originx="200" originy="-400" rotation="180" length="100" width="7.8740157480315" flipped="False">
      <text name="pinname" originx="230" originy="-400" style="Default" rotation="0" justify="left" flipped="False" hidden="False" data="COM_5" />
      <text name="pindes" originx="140" originy="-380" style="Default" rotation="0" justify="lowerright" flipped="False" hidden="False" data="5" />
    </sympin>
    <sympin number="6" originx="200" originy="-500" rotation="180" length="100" width="7.8740157480315" flipped="False">
      <text name="pinname" originx="230" originy="-500" style="Default" rotation="0" justify="left" flipped="False" hidden="False" data="COM_6" />
      <text name="pindes" originx="140" originy="-480" style="Default" rotation="0" justify="lowerright" flipped="False" hidden="False" data="6" />
    </sympin>
    <sympin number="7" originx="200" originy="-600" rotation="180" length="100" width="7.8740157480315" flipped="False">
      <text name="pinname" originx="230" originy="-600" style="Default" rotation="0" justify="left" flipped="False" hidden="False" data="COM_7" />
      <text name="pindes" originx="140" originy="-580" style="Default" rotation="0" justify="lowerright" flipped="False" hidden="False" data="7" />
    </sympin>
    <sympin number="8" originx="200" originy="-700" rotation="180" length="100" width="7.8740157480315" flipped="False">
      <text name="pinname" originx="230" originy="-700" style="Default" rotation="0" justify="left" flipped="False" hidden="False" data="COM_8" />
      <text name="pindes" originx="140" originy="-680" style="Default" rotation="0" justify="lowerright" flipped="False" hidden="False" data="8" />
    </sympin>
    <sympin number="9" originx="200" originy="-800" rotation="180" length="100" width="7.8740157480315" flipped="False">
      <text name="pinname" originx="230" originy="-800" style="Default" rotation="0" justify="left" flipped="False" hidden="False" data="COM_9" />
      <text name="pindes" originx="140" originy="-780" style="Default" rotation="0" justify="lowerright" flipped="False" hidden="False" data="9" />
    </sympin>
    <sympin number="10" originx="200" originy="-900" rotation="180" length="100" width="7.8740157480315" flipped="False">
      <text name="pinname" originx="230" originy="-900" style="Default" rotation="0" justify="left" flipped="False" hidden="False" data="COM_10" />
      <text name="pindes" originx="140" originy="-880" style="Default" rotation="0" justify="lowerright" flipped="False" hidden="False" data="10" />
    </sympin>
    <sympin number="11" originx="200" originy="-1000" rotation="180" length="100" width="7.8740157480315" flipped="False">
      <text name="pinname" originx="230" originy="-1000" style="Default" rotation="0" justify="left" flipped="False" hidden="False" data="COM_11" />
      <text name="pindes" originx="140" originy="-980" style="Default" rotation="0" justify="lowerright" flipped="False" hidden="False" data="11" />
    </sympin>
    <sympin number="12" originx="200" originy="-1100" rotation="180" length="100" width="7.8740157480315" flipped="False">
      <text name="pinname" originx="230" originy="-1100" style="Default" rotation="0" justify="left" flipped="False" hidden="False" data="COM_12" />
      <text name="pindes" originx="140" originy="-1080" style="Default" rotation="0" justify="lowerright" flipped="False" hidden="False" data="12" />
    </sympin>
    <sympin number="13" originx="1100" originy="-1100" rotation="0" length="100" width="7.8740157480315" flipped="False">
      <text name="pinname" originx="1070" originy="-1100" style="Default" rotation="0" justify="right" flipped="False" hidden="False" data="NO_12" />
      <text name="pindes" originx="1160" originy="-1080" style="Default" rotation="0" justify="lowerleft" flipped="False" hidden="False" data="13" />
    </sympin>
    <sympin number="14" originx="1100" originy="-1000" rotation="0" length="100" width="7.8740157480315" flipped="False">
      <text name="pinname" originx="1070" originy="-1000" style="Default" rotation="0" justify="right" flipped="False" hidden="False" data="NO_11" />
      <text name="pindes" originx="1160" originy="-980" style="Default" rotation="0" justify="lowerleft" flipped="False" hidden="False" data="14" />
    </sympin>
    <sympin number="15" originx="1100" originy="-900" rotation="0" length="100" width="7.8740157480315" flipped="False">
      <text name="pinname" originx="1070" originy="-900" style="Default" rotation="0" justify="right" flipped="False" hidden="False" data="NO_10" />
      <text name="pindes" originx="1160" originy="-880" style="Default" rotation="0" justify="lowerleft" flipped="False" hidden="False" data="15" />
    </sympin>
    <sympin number="16" originx="1100" originy="-800" rotation="0" length="100" width="7.8740157480315" flipped="False">
      <text name="pinname" originx="1070" originy="-800" style="Default" rotation="0" justify="right" flipped="False" hidden="False" data="NO_9" />
      <text name="pindes" originx="1160" originy="-780" style="Default" rotation="0" justify="lowerleft" flipped="False" hidden="False" data="16" />
    </sympin>
    <sympin number="17" originx="1100" originy="-700" rotation="0" length="100" width="7.8740157480315" flipped="False">
      <text name="pinname" originx="1070" originy="-700" style="Default" rotation="0" justify="right" flipped="False" hidden="False" data="NO_8" />
      <text name="pindes" originx="1160" originy="-680" style="Default" rotation="0" justify="lowerleft" flipped="False" hidden="False" data="17" />
    </sympin>
    <sympin number="18" originx="1100" originy="-600" rotation="0" length="100" width="7.8740157480315" flipped="False">
      <text name="pinname" originx="1070" originy="-600" style="Default" rotation="0" justify="right" flipped="False" hidden="False" data="NO_7" />
      <text name="pindes" originx="1160" originy="-580" style="Default" rotation="0" justify="lowerleft" flipped="False" hidden="False" data="18" />
    </sympin>
    <sympin number="19" originx="1100" originy="-500" rotation="0" length="100" width="7.8740157480315" flipped="False">
      <text name="pinname" originx="1070" originy="-500" style="Default" rotation="0" justify="right" flipped="False" hidden="False" data="NO_6" />
      <text name="pindes" originx="1160" originy="-480" style="Default" rotation="0" justify="lowerleft" flipped="False" hidden="False" data="19" />
    </sympin>
    <sympin number="20" originx="1100" originy="-400" rotation="0" length="100" width="7.8740157480315" flipped="False">
      <text name="pinname" originx="1070" originy="-400" style="Default" rotation="0" justify="right" flipped="False" hidden="False" data="NO_5" />
      <text name="pindes" originx="1160" originy="-380" style="Default" rotation="0" justify="lowerleft" flipped="False" hidden="False" data="20" />
    </sympin>
    <sympin number="21" originx="1100" originy="-300" rotation="0" length="100" width="7.8740157480315" flipped="False">
      <text name="pinname" originx="1070" originy="-300" style="Default" rotation="0" justify="right" flipped="False" hidden="False" data="NO_4" />
      <text name="pindes" originx="1160" originy="-280" style="Default" rotation="0" justify="lowerleft" flipped="False" hidden="False" data="21" />
    </sympin>
    <sympin number="22" originx="1100" originy="-200" rotation="0" length="100" width="7.8740157480315" flipped="False">
      <text name="pinname" originx="1070" originy="-200" style="Default" rotation="0" justify="right" flipped="False" hidden="False" data="NO_3" />
      <text name="pindes" originx="1160" originy="-180" style="Default" rotation="0" justify="lowerleft" flipped="False" hidden="False" data="22" />
    </sympin>
    <sympin number="23" originx="1100" originy="-100" rotation="0" length="100" width="7.8740157480315" flipped="False">
      <text name="pinname" originx="1070" originy="-100" style="Default" rotation="0" justify="right" flipped="False" hidden="False" data="NO_2" />
      <text name="pindes" originx="1160" originy="-80" style="Default" rotation="0" justify="lowerleft" flipped="False" hidden="False" data="23" />
    </sympin>
    <sympin number="24" originx="1100" originy="0" rotation="0" length="100" width="7.8740157480315" flipped="False">
      <text name="pinname" originx="1070" originy="0" style="Default" rotation="0" justify="right" flipped="False" hidden="False" data="NO_1" />
      <text name="pindes" originx="1160" originy="20" style="Default" rotation="0" justify="lowerleft" flipped="False" hidden="False" data="24" />
    </sympin>
  </symbol>
  <component name="NDS-12V" designatorprefix="S" height="277.55905511811" footprint="NDS12V">
    <comppin designator="1" sympin="1" pinswap="0" gateswap="0" gate="1" group="1" side="" type="Any" name="COM_1" />
    <comppin designator="2" sympin="2" pinswap="0" gateswap="0" gate="1" group="1" side="" type="Any" name="COM_2" />
    <comppin designator="3" sympin="3" pinswap="0" gateswap="0" gate="1" group="1" side="" type="Any" name="COM_3" />
    <comppin designator="4" sympin="4" pinswap="0" gateswap="0" gate="1" group="1" side="" type="Any" name="COM_4" />
    <comppin designator="5" sympin="5" pinswap="0" gateswap="0" gate="1" group="1" side="" type="Any" name="COM_5" />
    <comppin designator="6" sympin="6" pinswap="0" gateswap="0" gate="1" group="1" side="" type="Any" name="COM_6" />
    <comppin designator="7" sympin="7" pinswap="0" gateswap="0" gate="1" group="1" side="" type="Any" name="COM_7" />
    <comppin designator="8" sympin="8" pinswap="0" gateswap="0" gate="1" group="1" side="" type="Any" name="COM_8" />
    <comppin designator="9" sympin="9" pinswap="0" gateswap="0" gate="1" group="1" side="" type="Any" name="COM_9" />
    <comppin designator="10" sympin="10" pinswap="0" gateswap="0" gate="1" group="1" side="" type="Any" name="COM_10" />
    <comppin designator="11" sympin="11" pinswap="0" gateswap="0" gate="1" group="1" side="" type="Any" name="COM_11" />
    <comppin designator="12" sympin="12" pinswap="0" gateswap="0" gate="1" group="1" side="" type="Any" name="COM_12" />
    <comppin designator="13" sympin="13" pinswap="0" gateswap="0" gate="1" group="1" side="" type="Any" name="NO_12" />
    <comppin designator="14" sympin="14" pinswap="0" gateswap="0" gate="1" group="1" side="" type="Any" name="NO_11" />
    <comppin designator="15" sympin="15" pinswap="0" gateswap="0" gate="1" group="1" side="" type="Any" name="NO_10" />
    <comppin designator="16" sympin="16" pinswap="0" gateswap="0" gate="1" group="1" side="" type="Any" name="NO_9" />
    <comppin designator="17" sympin="17" pinswap="0" gateswap="0" gate="1" group="1" side="" type="Any" name="NO_8" />
    <comppin designator="18" sympin="18" pinswap="0" gateswap="0" gate="1" group="1" side="" type="Any" name="NO_7" />
    <comppin designator="19" sympin="19" pinswap="0" gateswap="0" gate="1" group="1" side="" type="Any" name="NO_6" />
    <comppin designator="20" sympin="20" pinswap="0" gateswap="0" gate="1" group="1" side="" type="Any" name="NO_5" />
    <comppin designator="21" sympin="21" pinswap="0" gateswap="0" gate="1" group="1" side="" type="Any" name="NO_4" />
    <comppin designator="22" sympin="22" pinswap="0" gateswap="0" gate="1" group="1" side="" type="Any" name="NO_3" />
    <comppin designator="23" sympin="23" pinswap="0" gateswap="0" gate="1" group="1" side="" type="Any" name="NO_2" />
    <comppin designator="24" sympin="24" pinswap="0" gateswap="0" gate="1" group="1" side="" type="Any" name="NO_1" />
    <attached_symbol gate="1" name="NDS-12V" />
    <pinmap designator="1" footprintpin="1" />
    <pinmap designator="2" footprintpin="2" />
    <pinmap designator="3" footprintpin="3" />
    <pinmap designator="4" footprintpin="4" />
    <pinmap designator="5" footprintpin="5" />
    <pinmap designator="6" footprintpin="6" />
    <pinmap designator="7" footprintpin="7" />
    <pinmap designator="8" footprintpin="8" />
    <pinmap designator="9" footprintpin="9" />
    <pinmap designator="10" footprintpin="10" />
    <pinmap designator="11" footprintpin="11" />
    <pinmap designator="12" footprintpin="12" />
    <pinmap designator="13" footprintpin="13" />
    <pinmap designator="14" footprintpin="14" />
    <pinmap designator="15" footprintpin="15" />
    <pinmap designator="16" footprintpin="16" />
    <pinmap designator="17" footprintpin="17" />
    <pinmap designator="18" footprintpin="18" />
    <pinmap designator="19" footprintpin="19" />
    <pinmap designator="20" footprintpin="20" />
    <pinmap designator="21" footprintpin="21" />
    <pinmap designator="22" footprintpin="22" />
    <pinmap designator="23" footprintpin="23" />
    <pinmap designator="24" footprintpin="24" />
    <text name="Datasheet" originx="0" originy="0" style="Default" rotation="0" justify="" flipped="False" hidden="True" data="https://componentsearchengine.com/Datasheets/1/NDS-12V.pdf" />
    <text name="Description" originx="0" originy="0" style="Default" rotation="0" justify="" flipped="False" hidden="True" data="DIP Switches / SIP Switches Dip switch Slide Type" />
    <text name="RS Part Number" originx="0" originy="0" style="Default" rotation="0" justify="" flipped="False" hidden="True" data="" />
    <text name="RS Price/Stock" originx="0" originy="0" style="Default" rotation="0" justify="" flipped="False" hidden="True" data="" />
    <text name="Manufacturer_Name" originx="0" originy="0" style="Default" rotation="0" justify="" flipped="False" hidden="True" data="Diptronics" />
    <text name="Manufacturer_Part_Number" originx="1150" originy="200" style="Default" rotation="0" justify="left" flipped="False" hidden="False" data="NDS-12V" />
  </component>
</quadcept_library>
