<?xml version="1.0" encoding="utf-8"?>
<!--/1024890/55039/2.49/3/3/Connector/-->
<quadcept_library>
  <setting unit="mil" />
  <textstyle name="Default" height="47.244094488189" strokewidth="7.8740157480315" charwidth="47.244094488189" />
  <textstyle name="Dimension" height="19.6850393700787" strokewidth="0" charwidth="19.6850393700787" />
  <textstyle name="H127W0635TH00762" height="50" strokewidth="3" charwidth="25" />
  <textstyle name="H15W15TH02" height="59.0551181102362" strokewidth="7.8740157480315" charwidth="59.0551181102362" />
  <padstyle name="c80_h160" surface="False" plated="True" isvia="False" nopaste="True" nomask="True" complex="False" holesize="62.992125984251">
    <padshape layer="TOP" shape="round" width="31.496062992126" height="31.496062992126" />
    <padshape layer="TOP_SOLDER_MASK" shape="round" width="39.370078740157" height="39.370078740157" />
    <padshape layer="INNER" shape="round" width="31.496062992126" height="31.496062992126" />
    <padshape layer="BOTTOM" shape="round" width="31.496062992126" height="31.496062992126" />
    <padshape layer="BOTTOM_SOLDER_MASK" shape="round" width="39.370078740157" height="39.370078740157" />
  </padstyle>
  <padstyle name="s240_h160" surface="False" plated="True" isvia="False" nopaste="True" nomask="True" complex="False" holesize="62.992125984251">
    <padshape layer="TOP" shape="square" width="94.488188976377" height="94.488188976377" />
    <padshape layer="TOP_SOLDER_MASK" shape="square" width="102.36220472441" height="102.36220472441" />
    <padshape layer="INNER" shape="square" width="94.488188976377" height="94.488188976377" />
    <padshape layer="BOTTOM" shape="square" width="94.488188976377" height="94.488188976377" />
    <padshape layer="BOTTOM_SOLDER_MASK" shape="square" width="102.36220472441" height="102.36220472441" />
  </padstyle>
  <padstyle name="c240_h160" surface="False" plated="True" isvia="False" nopaste="True" nomask="True" complex="False" holesize="62.992125984251">
    <padshape layer="TOP" shape="round" width="94.488188976377" height="94.488188976377" />
    <padshape layer="TOP_SOLDER_MASK" shape="round" width="102.36220472441" height="102.36220472441" />
    <padshape layer="INNER" shape="round" width="94.488188976377" height="94.488188976377" />
    <padshape layer="BOTTOM" shape="round" width="94.488188976377" height="94.488188976377" />
    <padshape layer="BOTTOM_SOLDER_MASK" shape="round" width="102.36220472441" height="102.36220472441" />
  </padstyle>
  <padstyle name="c180_h120" surface="False" plated="True" isvia="False" nopaste="True" nomask="True" complex="False" holesize="47.244094488188">
    <padshape layer="TOP" shape="round" width="70.866141732283" height="70.866141732283" />
    <padshape layer="TOP_SOLDER_MASK" shape="round" width="78.740157480314" height="78.740157480314" />
    <padshape layer="INNER" shape="round" width="70.866141732283" height="70.866141732283" />
    <padshape layer="BOTTOM" shape="round" width="70.866141732283" height="70.866141732283" />
    <padshape layer="BOTTOM_SOLDER_MASK" shape="round" width="78.740157480314" height="78.740157480314" />
  </padstyle>
  <footprint name="AC3MAH1AUPRE" originx="0" originy="0" pickpointx="0" pickpointy="0">
    <pcbpin number="1" name="1" style="s240_h160" originx="0" originy="0" rotation="90" />
    <pcbpin number="2" name="2" style="c240_h160" originx="-300" originy="0" rotation="90" />
    <pcbpin number="3" name="3" style="c180_h120" originx="-150" originy="0" rotation="90" />
    <pcbpin number="4" name="MH1" style="c80_h160" originx="0" originy="350" rotation="90" />
    <pcbpin number="5" name="MH2" style="c80_h160" originx="-300" originy="549.99999999999" rotation="90" />
    <line layer="TOP_ASSEMBLY" originx="-649.99999999999" originy="-66.929133858267" endx="350" endy="-66.929133858267" width="3.9370078740157" />
    <line layer="TOP_ASSEMBLY" originx="350" originy="-66.929133858267" endx="350" endy="700.78740157479" width="3.9370078740157" />
    <line layer="TOP_ASSEMBLY" originx="350" originy="700.78740157479" endx="-649.99999999999" endy="700.78740157479" width="3.9370078740157" />
    <line layer="TOP_ASSEMBLY" originx="-649.99999999999" originy="700.78740157479" endx="-649.99999999999" endy="-66.929133858267" width="3.9370078740157" />
    <line layer="TOP_SILKSCREEN" originx="-649.99999999999" originy="700.78740157479" endx="350" endy="700.78740157479" width="7.8740157480314" />
    <line layer="TOP_SILKSCREEN" originx="350" originy="700.78740157479" endx="350" endy="-66.929133858267" width="7.8740157480314" />
    <line layer="TOP_SILKSCREEN" originx="350" originy="-66.929133858267" endx="-649.99999999999" endy="-66.929133858267" width="7.8740157480314" />
    <line layer="TOP_SILKSCREEN" originx="-649.99999999999" originy="-66.929133858267" endx="-649.99999999999" endy="700.78740157479" width="7.8740157480314" />
    <line layer="TOP_PLACE_BOUND" originx="-689.37007874015" originy="846.45669291338" endx="389.37007874015" endy="846.45669291338" width="3.9370078740157" />
    <line layer="TOP_PLACE_BOUND" originx="389.37007874015" originy="846.45669291338" endx="389.37007874015" endy="-106.29921259842" width="3.9370078740157" />
    <line layer="TOP_PLACE_BOUND" originx="389.37007874015" originy="-106.29921259842" endx="-689.37007874015" endy="-106.29921259842" width="3.9370078740157" />
    <line layer="TOP_PLACE_BOUND" originx="-689.37007874015" originy="-106.29921259842" endx="-689.37007874015" endy="846.45669291338" width="3.9370078740157" />
    <line layer="TOP_ASSEMBLY" originx="-579.13385826771" originy="700.78740157479" endx="-579.13385826771" endy="807.08661417322" width="3.9370078740157" />
    <line layer="TOP_ASSEMBLY" originx="-579.13385826771" originy="807.08661417322" endx="279.13385826771" endy="807.08661417322" width="3.9370078740157" />
    <line layer="TOP_ASSEMBLY" originx="279.13385826771" originy="807.08661417322" endx="279.13385826771" endy="700.78740157479" width="3.9370078740157" />
    <line layer="TOP_SILKSCREEN" originx="-579.13385826771" originy="700.78740157479" endx="-579.13385826771" endy="807.08661417322" width="7.8740157480314" />
    <line layer="TOP_SILKSCREEN" originx="-579.13385826771" originy="807.08661417322" endx="279.13385826771" endy="807.08661417322" width="7.8740157480314" />
    <line layer="TOP_SILKSCREEN" originx="279.13385826771" originy="807.08661417322" endx="279.13385826771" endy="700.78740157479" width="7.8740157480314" />
    <line layer="TOP_SILKSCREEN" originx="0" originy="-90.551181102361" endx="0" endy="-90.551181102361" width="3.9370078740157" />
    <arc layer="TOP_SILKSCREEN" originx="-7.102804783527E-15" originy="-88.582677165353" startangle="-90.0" sweepangle="180.0" radius="1.9685039370078" width="3.9370078740157" />
    <line layer="TOP_SILKSCREEN" originx="0" originy="-86.614173228345" endx="0" endy="-86.614173228345" width="3.9370078740157" />
    <arc layer="TOP_SILKSCREEN" originx="-7.102804783527E-15" originy="-88.582677165353" startangle="90.0" sweepangle="180.0" radius="1.9685039370078" width="3.9370078740157" />
  </footprint>
  <symbol name="AC3MAH1-AU-PRE" originx="0" originy="0">
    <line originx="200" originy="100" endx="600" endy="100" width="0" />
    <line originx="600" originy="-300" endx="600" endy="100" width="0" />
    <line originx="600" originy="-300" endx="200" endy="-300" width="0" />
    <line originx="200" originy="100" endx="200" endy="-300" width="0" />
    <sympin number="1" originx="200" originy="-200" rotation="180" length="100" width="7.8740157480315" flipped="False">
      <text name="pinname" originx="230" originy="-200" style="Default" rotation="0" justify="left" flipped="False" hidden="False" data="1" />
      <text name="pindes" originx="140" originy="-180" style="Default" rotation="0" justify="lowerright" flipped="False" hidden="False" data="1" />
    </sympin>
    <sympin number="2" originx="200" originy="0" rotation="180" length="100" width="7.8740157480315" flipped="False">
      <text name="pinname" originx="230" originy="0" style="Default" rotation="0" justify="left" flipped="False" hidden="False" data="2" />
      <text name="pindes" originx="140" originy="20" style="Default" rotation="0" justify="lowerright" flipped="False" hidden="False" data="2" />
    </sympin>
    <sympin number="3" originx="200" originy="-100" rotation="180" length="100" width="7.8740157480315" flipped="False">
      <text name="pinname" originx="230" originy="-100" style="Default" rotation="0" justify="left" flipped="False" hidden="False" data="3" />
      <text name="pindes" originx="140" originy="-80" style="Default" rotation="0" justify="lowerright" flipped="False" hidden="False" data="3" />
    </sympin>
  </symbol>
  <component name="AC3MAH1-AU-PRE" designatorprefix="J" height="1003.937007874" footprint="AC3MAH1AUPRE">
    <comppin designator="1" sympin="1" pinswap="0" gateswap="0" gate="1" group="1" side="" type="Any" name="1" />
    <comppin designator="2" sympin="2" pinswap="0" gateswap="0" gate="1" group="1" side="" type="Any" name="2" />
    <comppin designator="3" sympin="3" pinswap="0" gateswap="0" gate="1" group="1" side="" type="Any" name="3" />
    <attached_symbol gate="1" name="AC3MAH1-AU-PRE" />
    <pinmap designator="1" footprintpin="1" />
    <pinmap designator="2" footprintpin="2" />
    <pinmap designator="3" footprintpin="3" />
    <text name="Datasheet" originx="0" originy="0" style="Default" rotation="0" justify="" flipped="False" hidden="True" data="https://www.amphenol-sine.com/pdf/datasheet/AC3MAH1-AU-PRE.pdf" />
    <text name="Description" originx="0" originy="0" style="Default" rotation="0" justify="" flipped="False" hidden="True" data="XLR Connectors 3 PIN PLASTIC PANEL MOUNT PCB" />
    <text name="RS Part Number" originx="0" originy="0" style="Default" rotation="0" justify="" flipped="False" hidden="True" data="" />
    <text name="RS Price/Stock" originx="0" originy="0" style="Default" rotation="0" justify="" flipped="False" hidden="True" data="" />
    <text name="Manufacturer_Name" originx="0" originy="0" style="Default" rotation="0" justify="" flipped="False" hidden="True" data="Amphenol" />
    <text name="Manufacturer_Part_Number" originx="650" originy="200" style="Default" rotation="0" justify="left" flipped="False" hidden="False" data="AC3MAH1-AU-PRE" />
  </component>
</quadcept_library>
