<?xml version="1.0" encoding="utf-8"?>
<!--/2667059/55039/2.49/4/3/Connector/-->
<quadcept_library>
  <setting unit="mil" />
  <textstyle name="Default" height="47.244094488189" strokewidth="7.8740157480315" charwidth="47.244094488189" />
  <textstyle name="Dimension" height="19.6850393700787" strokewidth="0" charwidth="19.6850393700787" />
  <textstyle name="H127W0635TH00762" height="50" strokewidth="3" charwidth="25" />
  <textstyle name="H15W15TH02" height="59.0551181102362" strokewidth="7.8740157480315" charwidth="59.0551181102362" />
  <padstyle name="c180_h120" surface="False" plated="True" isvia="False" nopaste="True" nomask="True" complex="False" holesize="47.244094488188">
    <padshape layer="TOP" shape="round" width="70.866141732283" height="70.866141732283" />
    <padshape layer="TOP_SOLDER_MASK" shape="round" width="78.740157480314" height="78.740157480314" />
    <padshape layer="INNER" shape="round" width="70.866141732283" height="70.866141732283" />
    <padshape layer="BOTTOM" shape="round" width="70.866141732283" height="70.866141732283" />
    <padshape layer="BOTTOM_SOLDER_MASK" shape="round" width="78.740157480314" height="78.740157480314" />
  </padstyle>
  <padstyle name="s240_h160" surface="False" plated="True" isvia="False" nopaste="True" nomask="True" complex="False" holesize="62.992125984251">
    <padshape layer="TOP" shape="square" width="94.488188976377" height="94.488188976377" />
    <padshape layer="TOP_SOLDER_MASK" shape="square" width="102.36220472441" height="102.36220472441" />
    <padshape layer="INNER" shape="square" width="94.488188976377" height="94.488188976377" />
    <padshape layer="BOTTOM" shape="square" width="94.488188976377" height="94.488188976377" />
    <padshape layer="BOTTOM_SOLDER_MASK" shape="square" width="102.36220472441" height="102.36220472441" />
  </padstyle>
  <padstyle name="c240_h160" surface="False" plated="True" isvia="False" nopaste="True" nomask="True" complex="False" holesize="62.992125984251">
    <padshape layer="TOP" shape="round" width="94.488188976377" height="94.488188976377" />
    <padshape layer="TOP_SOLDER_MASK" shape="round" width="102.36220472441" height="102.36220472441" />
    <padshape layer="INNER" shape="round" width="94.488188976377" height="94.488188976377" />
    <padshape layer="BOTTOM" shape="round" width="94.488188976377" height="94.488188976377" />
    <padshape layer="BOTTOM_SOLDER_MASK" shape="round" width="102.36220472441" height="102.36220472441" />
  </padstyle>
  <padstyle name="c80_h160" surface="False" plated="True" isvia="False" nopaste="True" nomask="True" complex="False" holesize="62.992125984251">
    <padshape layer="TOP" shape="round" width="31.496062992126" height="31.496062992126" />
    <padshape layer="TOP_SOLDER_MASK" shape="round" width="39.370078740157" height="39.370078740157" />
    <padshape layer="INNER" shape="round" width="31.496062992126" height="31.496062992126" />
    <padshape layer="BOTTOM" shape="round" width="31.496062992126" height="31.496062992126" />
    <padshape layer="BOTTOM_SOLDER_MASK" shape="round" width="39.370078740157" height="39.370078740157" />
  </padstyle>
  <footprint name="AC3FAH2AUPRE" originx="0" originy="0" pickpointx="0" pickpointy="0">
    <pcbpin number="1" name="1" style="s240_h160" originx="0" originy="0" rotation="90" />
    <pcbpin number="2" name="2" style="c240_h160" originx="300" originy="-25.1968503937" rotation="90" />
    <pcbpin number="3" name="3" style="c180_h120" originx="150" originy="-175.1968503937" rotation="90" />
    <pcbpin number="4" name="G1" style="c180_h120" originx="-174.8031496063" originy="224.40944881889" rotation="90" />
    <pcbpin number="5" name="MH1" style="c80_h160" originx="0" originy="350" rotation="90" />
    <pcbpin number="6" name="MH2" style="c80_h160" originx="300" originy="150" rotation="90" />
    <line layer="TOP_ASSEMBLY" originx="642.12598425196" originy="499.99999999999" endx="-355.90551181102" endy="499.99999999999" width="3.9370078740157" />
    <line layer="TOP_ASSEMBLY" originx="-355.90551181102" originy="499.99999999999" endx="-355.90551181102" endy="-267.71653543307" width="3.9370078740157" />
    <line layer="TOP_ASSEMBLY" originx="-355.90551181102" originy="-267.71653543307" endx="642.12598425196" endy="-267.71653543307" width="3.9370078740157" />
    <line layer="TOP_ASSEMBLY" originx="642.12598425196" originy="-267.71653543307" endx="642.12598425196" endy="499.99999999999" width="3.9370078740157" />
    <line layer="TOP_SILKSCREEN" originx="-355.90551181102" originy="499.99999999999" endx="642.12598425196" endy="499.99999999999" width="7.8740157480314" />
    <line layer="TOP_SILKSCREEN" originx="642.12598425196" originy="499.99999999999" endx="642.12598425196" endy="-267.71653543307" width="7.8740157480314" />
    <line layer="TOP_SILKSCREEN" originx="642.12598425196" originy="-267.71653543307" endx="-355.90551181102" endy="-267.71653543307" width="7.8740157480314" />
    <line layer="TOP_SILKSCREEN" originx="-355.90551181102" originy="-267.71653543307" endx="-355.90551181102" endy="499.99999999999" width="7.8740157480314" />
    <line layer="TOP_PLACE_BOUND" originx="-395.27559055118" originy="795.27559055117" endx="681.49606299212" endy="795.27559055117" width="3.9370078740157" />
    <line layer="TOP_PLACE_BOUND" originx="681.49606299212" originy="795.27559055117" endx="681.49606299212" endy="-307.08661417322" width="3.9370078740157" />
    <line layer="TOP_PLACE_BOUND" originx="681.49606299212" originy="-307.08661417322" endx="-395.27559055118" endy="-307.08661417322" width="3.9370078740157" />
    <line layer="TOP_PLACE_BOUND" originx="-395.27559055118" originy="-307.08661417322" endx="-395.27559055118" endy="795.27559055117" width="3.9370078740157" />
    <line layer="TOP_ASSEMBLY" originx="71.259842519684" originy="499.99999999999" endx="71.259842519684" endy="602.3622047244" width="3.9370078740157" />
    <line layer="TOP_ASSEMBLY" originx="71.259842519684" originy="602.3622047244" endx="-7.4803149606298" endy="602.3622047244" width="3.9370078740157" />
    <line layer="TOP_ASSEMBLY" originx="-7.4803149606298" originy="602.3622047244" endx="-7.4803149606298" endy="602.3622047244" width="3.9370078740157" />
    <arc layer="TOP_ASSEMBLY" originx="-7.4803149606299" originy="679.13385826771" startangle="-90.0" sweepangle="-180.0" radius="76.771653543306" width="3.9370078740157" />
    <line layer="TOP_ASSEMBLY" originx="-7.4803149606298" originy="755.90551181101" endx="307.48031496063" endy="755.90551181101" width="3.9370078740157" />
    <line layer="TOP_ASSEMBLY" originx="307.48031496063" originy="755.90551181101" endx="307.48031496063" endy="755.90551181101" width="3.9370078740157" />
    <arc layer="TOP_ASSEMBLY" originx="307.48031496063" originy="679.13385826771" startangle="90.0" sweepangle="-180.0" radius="76.771653543306" width="3.9370078740157" />
    <line layer="TOP_ASSEMBLY" originx="307.48031496063" originy="602.3622047244" endx="228.74015748031" endy="602.3622047244" width="3.9370078740157" />
    <line layer="TOP_ASSEMBLY" originx="228.74015748031" originy="602.3622047244" endx="228.74015748031" endy="499.99999999999" width="3.9370078740157" />
    <line layer="TOP_SILKSCREEN" originx="71.259842519684" originy="499.99999999999" endx="71.259842519684" endy="602.3622047244" width="7.8740157480314" />
    <line layer="TOP_SILKSCREEN" originx="71.259842519684" originy="602.3622047244" endx="-7.4803149606298" endy="602.3622047244" width="7.8740157480314" />
    <line layer="TOP_SILKSCREEN" originx="-7.4803149606298" originy="602.3622047244" endx="-7.4803149606298" endy="602.3622047244" width="7.8740157480314" />
    <arc layer="TOP_SILKSCREEN" originx="-7.4803149606299" originy="679.13385826771" startangle="-90.0" sweepangle="-180.0" radius="76.771653543306" width="7.8740157480314" />
    <line layer="TOP_SILKSCREEN" originx="-7.4803149606298" originy="755.90551181101" endx="307.48031496063" endy="755.90551181101" width="7.8740157480314" />
    <line layer="TOP_SILKSCREEN" originx="307.48031496063" originy="755.90551181101" endx="307.48031496063" endy="755.90551181101" width="7.8740157480314" />
    <arc layer="TOP_SILKSCREEN" originx="307.48031496063" originy="679.13385826771" startangle="90.0" sweepangle="-180.0" radius="76.771653543306" width="7.8740157480314" />
    <line layer="TOP_SILKSCREEN" originx="307.48031496063" originy="602.3622047244" endx="228.74015748031" endy="602.3622047244" width="7.8740157480314" />
    <line layer="TOP_SILKSCREEN" originx="228.74015748031" originy="602.3622047244" endx="228.74015748031" endy="499.99999999999" width="7.8740157480314" />
    <line layer="TOP_SILKSCREEN" originx="-377.95275590551" originy="0" endx="-377.95275590551" endy="0" width="3.9370078740157" />
    <arc layer="TOP_SILKSCREEN" originx="-375.9842519685" originy="0" startangle="-180.0" sweepangle="180.0" radius="1.9685039370079" width="3.9370078740157" />
    <line layer="TOP_SILKSCREEN" originx="-374.01574803149" originy="0" endx="-374.01574803149" endy="0" width="3.9370078740157" />
    <arc layer="TOP_SILKSCREEN" originx="-375.9842519685" originy="0" startangle=".0" sweepangle="180.0" radius="1.9685039370079" width="3.9370078740157" />
  </footprint>
  <symbol name="AC3FAH2-AU-PRE" originx="0" originy="0">
    <line originx="200" originy="100" endx="700" endy="100" width="0" />
    <line originx="700" originy="-200" endx="700" endy="100" width="0" />
    <line originx="700" originy="-200" endx="200" endy="-200" width="0" />
    <line originx="200" originy="100" endx="200" endy="-200" width="0" />
    <sympin number="1" originx="200" originy="0" rotation="180" length="100" width="7.8740157480315" flipped="False">
      <text name="pinname" originx="230" originy="0" style="Default" rotation="0" justify="left" flipped="False" hidden="False" data="1" />
      <text name="pindes" originx="140" originy="20" style="Default" rotation="0" justify="lowerright" flipped="False" hidden="False" data="1" />
    </sympin>
    <sympin number="2" originx="200" originy="-100" rotation="180" length="100" width="7.8740157480315" flipped="False">
      <text name="pinname" originx="230" originy="-100" style="Default" rotation="0" justify="left" flipped="False" hidden="False" data="2" />
      <text name="pindes" originx="140" originy="-80" style="Default" rotation="0" justify="lowerright" flipped="False" hidden="False" data="2" />
    </sympin>
    <sympin number="3" originx="700" originy="0" rotation="0" length="100" width="7.8740157480315" flipped="False">
      <text name="pinname" originx="670" originy="0" style="Default" rotation="0" justify="right" flipped="False" hidden="False" data="3" />
      <text name="pindes" originx="760" originy="20" style="Default" rotation="0" justify="lowerleft" flipped="False" hidden="False" data="3" />
    </sympin>
    <sympin number="4" originx="700" originy="-100" rotation="0" length="100" width="7.8740157480315" flipped="False">
      <text name="pinname" originx="670" originy="-100" style="Default" rotation="0" justify="right" flipped="False" hidden="False" data="G1" />
      <text name="pindes" originx="760" originy="-80" style="Default" rotation="0" justify="lowerleft" flipped="False" hidden="False" data="G1" />
    </sympin>
  </symbol>
  <component name="AC3FAH2-AU-PRE" designatorprefix="J" height="1159.4488188976" footprint="AC3FAH2AUPRE">
    <comppin designator="1" sympin="1" pinswap="0" gateswap="0" gate="1" group="1" side="" type="Any" name="1" />
    <comppin designator="2" sympin="2" pinswap="0" gateswap="0" gate="1" group="1" side="" type="Any" name="2" />
    <comppin designator="3" sympin="3" pinswap="0" gateswap="0" gate="1" group="1" side="" type="Any" name="3" />
    <comppin designator="G1" sympin="4" pinswap="0" gateswap="0" gate="1" group="1" side="" type="Any" name="G1" />
    <attached_symbol gate="1" name="AC3FAH2-AU-PRE" />
    <pinmap designator="1" footprintpin="1" />
    <pinmap designator="2" footprintpin="2" />
    <pinmap designator="3" footprintpin="3" />
    <pinmap designator="G1" footprintpin="4" />
    <text name="Datasheet" originx="0" originy="0" style="Default" rotation="0" justify="" flipped="False" hidden="True" data="http://www.amphenol-sine.com/pdf/datasheet/AC3FAH2-AU-PRE.pdf" />
    <text name="Description" originx="0" originy="0" style="Default" rotation="0" justify="" flipped="False" hidden="True" data="XLR Connectors 3 SKT PLASTIC PANEL MOUNT PCB" />
    <text name="RS Part Number" originx="0" originy="0" style="Default" rotation="0" justify="" flipped="False" hidden="True" data="" />
    <text name="RS Price/Stock" originx="0" originy="0" style="Default" rotation="0" justify="" flipped="False" hidden="True" data="" />
    <text name="Manufacturer_Name" originx="0" originy="0" style="Default" rotation="0" justify="" flipped="False" hidden="True" data="Amphenol" />
    <text name="Manufacturer_Part_Number" originx="750" originy="200" style="Default" rotation="0" justify="left" flipped="False" hidden="False" data="AC3FAH2-AU-PRE" />
  </component>
</quadcept_library>
