<?xml version="1.0" encoding="utf-8"?>
<!--/633292/55039/2.49/3/4/Connector/-->
<quadcept_library>
  <setting unit="mil" />
  <textstyle name="Default" height="47.244094488189" strokewidth="7.8740157480315" charwidth="47.244094488189" />
  <textstyle name="Dimension" height="19.6850393700787" strokewidth="0" charwidth="19.6850393700787" />
  <textstyle name="H127W0635TH00762" height="50" strokewidth="3" charwidth="25" />
  <textstyle name="H15W15TH02" height="59.0551181102362" strokewidth="7.8740157480315" charwidth="59.0551181102362" />
  <padstyle name="c210_h140" surface="False" plated="True" isvia="False" nopaste="True" nomask="True" complex="False" holesize="55.11811023622">
    <padshape layer="TOP" shape="round" width="82.67716535433" height="82.67716535433" />
    <padshape layer="TOP_SOLDER_MASK" shape="round" width="90.551181102361" height="90.551181102361" />
    <padshape layer="INNER" shape="round" width="82.67716535433" height="82.67716535433" />
    <padshape layer="BOTTOM" shape="round" width="82.67716535433" height="82.67716535433" />
    <padshape layer="BOTTOM_SOLDER_MASK" shape="round" width="90.551181102361" height="90.551181102361" />
  </padstyle>
  <footprint name="128340193" originx="0" originy="0" pickpointx="0" pickpointy="0">
    <pcbpin number="1" name="1" style="c210_h140" originx="0" originy="0" rotation="90" />
    <pcbpin number="2" name="2" style="c210_h140" originx="137.79527559055" originy="196.85039370078" rotation="90" />
    <pcbpin number="3" name="3" style="c210_h140" originx="275.5905511811" originy="0" rotation="90" />
    <line layer="TOP_ASSEMBLY" originx="-82.67716535433" originy="303.14960629921" endx="366.14173228346" endy="303.14960629921" width="7.8740157480314" />
    <line layer="TOP_ASSEMBLY" originx="366.14173228346" originy="303.14960629921" endx="366.14173228346" endy="-188.97637795275" width="7.8740157480314" />
    <line layer="TOP_ASSEMBLY" originx="366.14173228346" originy="-188.97637795275" endx="-82.67716535433" endy="-188.97637795275" width="7.8740157480314" />
    <line layer="TOP_ASSEMBLY" originx="-82.67716535433" originy="-188.97637795275" endx="-82.67716535433" endy="303.14960629921" width="7.8740157480314" />
    <line layer="TOP_SILKSCREEN" originx="-82.67716535433" originy="303.14960629921" endx="366.14173228346" endy="303.14960629921" width="3.9370078740157" />
    <line layer="TOP_SILKSCREEN" originx="366.14173228346" originy="303.14960629921" endx="366.14173228346" endy="-188.97637795275" width="3.9370078740157" />
    <line layer="TOP_SILKSCREEN" originx="366.14173228346" originy="-188.97637795275" endx="-82.67716535433" endy="-188.97637795275" width="3.9370078740157" />
    <line layer="TOP_SILKSCREEN" originx="-82.67716535433" originy="-188.97637795275" endx="-82.67716535433" endy="303.14960629921" width="3.9370078740157" />
    <line layer="TOP_PLACE_BOUND" originx="-122.04724409449" originy="342.51968503937" endx="405.51181102362" endy="342.51968503937" width="3.9370078740157" />
    <line layer="TOP_PLACE_BOUND" originx="405.51181102362" originy="342.51968503937" endx="405.51181102362" endy="-228.34645669291" width="3.9370078740157" />
    <line layer="TOP_PLACE_BOUND" originx="405.51181102362" originy="-228.34645669291" endx="-122.04724409449" endy="-228.34645669291" width="3.9370078740157" />
    <line layer="TOP_PLACE_BOUND" originx="-122.04724409449" originy="-228.34645669291" endx="-122.04724409449" endy="342.51968503937" width="3.9370078740157" />
  </footprint>
  <symbol name="1-2834019-3" originx="0" originy="0">
    <line originx="200" originy="100" endx="600" endy="100" width="0" />
    <line originx="600" originy="-200" endx="600" endy="100" width="0" />
    <line originx="600" originy="-200" endx="200" endy="-200" width="0" />
    <line originx="200" originy="100" endx="200" endy="-200" width="0" />
    <sympin number="1" originx="200" originy="0" rotation="180" length="100" width="7.8740157480315" flipped="False">
      <text name="pinname" originx="230" originy="0" style="Default" rotation="0" justify="left" flipped="False" hidden="False" data="1" />
      <text name="pindes" originx="140" originy="20" style="Default" rotation="0" justify="lowerright" flipped="False" hidden="False" data="1" />
    </sympin>
    <sympin number="2" originx="600" originy="0" rotation="0" length="100" width="7.8740157480315" flipped="False">
      <text name="pinname" originx="570" originy="0" style="Default" rotation="0" justify="right" flipped="False" hidden="False" data="2" />
      <text name="pindes" originx="660" originy="20" style="Default" rotation="0" justify="lowerleft" flipped="False" hidden="False" data="2" />
    </sympin>
    <sympin number="3" originx="200" originy="-100" rotation="180" length="100" width="7.8740157480315" flipped="False">
      <text name="pinname" originx="230" originy="-100" style="Default" rotation="0" justify="left" flipped="False" hidden="False" data="3" />
      <text name="pindes" originx="140" originy="-80" style="Default" rotation="0" justify="lowerright" flipped="False" hidden="False" data="3" />
    </sympin>
  </symbol>
  <component name="1-2834019-3" designatorprefix="J" height="263.77952755905" footprint="128340193">
    <comppin designator="1" sympin="1" pinswap="0" gateswap="0" gate="1" group="1" side="" type="Any" name="1" />
    <comppin designator="2" sympin="2" pinswap="0" gateswap="0" gate="1" group="1" side="" type="Any" name="2" />
    <comppin designator="3" sympin="3" pinswap="0" gateswap="0" gate="1" group="1" side="" type="Any" name="3" />
    <attached_symbol gate="1" name="1-2834019-3" />
    <pinmap designator="1" footprintpin="1" />
    <pinmap designator="2" footprintpin="2" />
    <pinmap designator="3" footprintpin="3" />
    <text name="Datasheet" originx="0" originy="0" style="Default" rotation="0" justify="" flipped="False" hidden="True" data="http://uk.rs-online.com/web/p/products/1649144" />
    <text name="Description" originx="0" originy="0" style="Default" rotation="0" justify="" flipped="False" hidden="True" data="Conn PC Terminal Block RCP 3 POS 3.5mm Solder ST Thru-Hole 6A/Contact Box/Carton" />
    <text name="RS Part Number" originx="0" originy="0" style="Default" rotation="0" justify="" flipped="False" hidden="True" data="1649144" />
    <text name="RS Price/Stock" originx="0" originy="0" style="Default" rotation="0" justify="" flipped="False" hidden="True" data="http://uk.rs-online.com/web/p/products/1649144" />
    <text name="Manufacturer_Name" originx="0" originy="0" style="Default" rotation="0" justify="" flipped="False" hidden="True" data="TE Connectivity" />
    <text name="Manufacturer_Part_Number" originx="650" originy="200" style="Default" rotation="0" justify="left" flipped="False" hidden="False" data="1-2834019-3" />
  </component>
</quadcept_library>
