<?xml version="1.0" encoding="utf-8"?>
<!--/800396/55039/2.49/5/4/Relay or Contactor/-->
<quadcept_library>
  <setting unit="mil" />
  <textstyle name="Default" height="47.244094488189" strokewidth="7.8740157480315" charwidth="47.244094488189" />
  <textstyle name="Dimension" height="19.6850393700787" strokewidth="0" charwidth="19.6850393700787" />
  <textstyle name="H127W0635TH00762" height="50" strokewidth="3" charwidth="25" />
  <textstyle name="H15W15TH02" height="59.0551181102362" strokewidth="7.8740157480315" charwidth="59.0551181102362" />
  <padstyle name="c210_h140" surface="False" plated="True" isvia="False" nopaste="True" nomask="True" complex="False" holesize="55.11811023622">
    <padshape layer="TOP" shape="round" width="82.67716535433" height="82.67716535433" />
    <padshape layer="TOP_SOLDER_MASK" shape="round" width="90.551181102361" height="90.551181102361" />
    <padshape layer="INNER" shape="round" width="82.67716535433" height="82.67716535433" />
    <padshape layer="BOTTOM" shape="round" width="82.67716535433" height="82.67716535433" />
    <padshape layer="BOTTOM_SOLDER_MASK" shape="round" width="90.551181102361" height="90.551181102361" />
  </padstyle>
  <footprint name="G6RL124DC" originx="0" originy="0" pickpointx="0" pickpointy="0">
    <pcbpin number="1" name="1" style="c210_h140" originx="0" originy="0" rotation="90" />
    <pcbpin number="2" name="2" style="c210_h140" originx="870.07874015747" originy="0" rotation="90" />
    <pcbpin number="3" name="3" style="c210_h140" originx="996.06299212597" originy="300" rotation="90" />
    <pcbpin number="4" name="4" style="c210_h140" originx="744.09448818897" originy="300" rotation="90" />
    <pcbpin number="5" name="5" style="c210_h140" originx="0" originy="300" rotation="90" />
    <line layer="TOP_ASSEMBLY" originx="1062.9921259842" originy="-46.850393700787" endx="-59.055118110235" endy="-46.850393700787" width="7.8740157480314" />
    <line layer="TOP_ASSEMBLY" originx="-59.055118110235" originy="-46.850393700787" endx="-59.055118110235" endy="346.85039370078" width="7.8740157480314" />
    <line layer="TOP_ASSEMBLY" originx="-59.055118110235" originy="346.85039370078" endx="1062.9921259842" endy="346.85039370078" width="7.8740157480314" />
    <line layer="TOP_ASSEMBLY" originx="1062.9921259842" originy="346.85039370078" endx="1062.9921259842" endy="-46.850393700787" width="7.8740157480314" />
    <line layer="TOP_PLACE_BOUND" originx="-98.425196850392" originy="-86.220472440944" endx="1102.3622047244" endy="-86.220472440944" width="3.9370078740157" />
    <line layer="TOP_PLACE_BOUND" originx="1102.3622047244" originy="-86.220472440944" endx="1102.3622047244" endy="386.22047244094" width="3.9370078740157" />
    <line layer="TOP_PLACE_BOUND" originx="1102.3622047244" originy="386.22047244094" endx="-98.425196850392" endy="386.22047244094" width="3.9370078740157" />
    <line layer="TOP_PLACE_BOUND" originx="-98.425196850392" originy="386.22047244094" endx="-98.425196850392" endy="-86.220472440944" width="3.9370078740157" />
    <line layer="TOP_SILKSCREEN" originx="-39.370078740157" originy="346.85039370078" endx="-59.055118110235" endy="346.85039370078" width="3.9370078740157" />
    <line layer="TOP_SILKSCREEN" originx="-59.055118110235" originy="346.85039370078" endx="-59.055118110235" endy="-46.850393700787" width="3.9370078740157" />
    <line layer="TOP_SILKSCREEN" originx="-59.055118110235" originy="-46.850393700787" endx="-39.370078740157" endy="-46.850393700787" width="3.9370078740157" />
    <line layer="TOP_SILKSCREEN" originx="59.055118110235" originy="-46.850393700787" endx="826.7716535433" endy="-46.850393700787" width="3.9370078740157" />
    <line layer="TOP_SILKSCREEN" originx="925.19685039369" originy="-46.850393700787" endx="1062.9921259842" endy="-46.850393700787" width="3.9370078740157" />
    <line layer="TOP_SILKSCREEN" originx="1062.9921259842" originy="-46.850393700787" endx="1062.9921259842" endy="346.85039370078" width="3.9370078740157" />
    <line layer="TOP_SILKSCREEN" originx="1062.9921259842" originy="346.85039370078" endx="1043.3070866142" endy="346.85039370078" width="3.9370078740157" />
    <line layer="TOP_SILKSCREEN" originx="944.88188976377" originy="346.85039370078" endx="807.08661417322" endy="346.85039370078" width="3.9370078740157" />
    <line layer="TOP_SILKSCREEN" originx="708.66141732283" originy="346.85039370078" endx="59.055118110235" endy="346.85039370078" width="3.9370078740157" />
    <line layer="TOP_SILKSCREEN" originx="-78.740157480314" originy="0" endx="-78.740157480314" endy="0" width="7.8740157480314" />
    <arc layer="TOP_SILKSCREEN" originx="-90.551181102361" originy="0" startangle="-.0" sweepangle="180.0" radius="-3.9370078740157" width="7.8740157480314" />
    <line layer="TOP_SILKSCREEN" originx="-86.614173228345" originy="0" endx="-86.614173228345" endy="0" width="7.8740157480314" />
    <arc layer="TOP_SILKSCREEN" originx="-90.551181102361" originy="0" startangle="180.0" sweepangle="180.0" radius="-3.9370078740157" width="7.8740157480314" />
  </footprint>
  <symbol name="G6RL-1_24DC" originx="0" originy="0">
    <line originx="200" originy="100" endx="1100" endy="100" width="0" />
    <line originx="1100" originy="-300" endx="1100" endy="100" width="0" />
    <line originx="1100" originy="-300" endx="200" endy="-300" width="0" />
    <line originx="200" originy="100" endx="200" endy="-300" width="0" />
    <sympin number="1" originx="200" originy="0" rotation="180" length="100" width="7.8740157480315" flipped="False">
      <text name="pinname" originx="230" originy="0" style="Default" rotation="0" justify="left" flipped="False" hidden="False" data="COIL_1" />
      <text name="pindes" originx="140" originy="20" style="Default" rotation="0" justify="lowerright" flipped="False" hidden="False" data="1" />
    </sympin>
    <sympin number="2" originx="200" originy="-100" rotation="180" length="100" width="7.8740157480315" flipped="False">
      <text name="pinname" originx="230" originy="-100" style="Default" rotation="0" justify="left" flipped="False" hidden="False" data="COM" />
      <text name="pindes" originx="140" originy="-80" style="Default" rotation="0" justify="lowerright" flipped="False" hidden="False" data="2" />
    </sympin>
    <sympin number="3" originx="1100" originy="-200" rotation="0" length="100" width="7.8740157480315" flipped="False">
      <text name="pinname" originx="1070" originy="-200" style="Default" rotation="0" justify="right" flipped="False" hidden="False" data="NO" />
      <text name="pindes" originx="1160" originy="-180" style="Default" rotation="0" justify="lowerleft" flipped="False" hidden="False" data="3" />
    </sympin>
    <sympin number="4" originx="1100" originy="-100" rotation="0" length="100" width="7.8740157480315" flipped="False">
      <text name="pinname" originx="1070" originy="-100" style="Default" rotation="0" justify="right" flipped="False" hidden="False" data="NC" />
      <text name="pindes" originx="1160" originy="-80" style="Default" rotation="0" justify="lowerleft" flipped="False" hidden="False" data="4" />
    </sympin>
    <sympin number="5" originx="1100" originy="0" rotation="0" length="100" width="7.8740157480315" flipped="False">
      <text name="pinname" originx="1070" originy="0" style="Default" rotation="0" justify="right" flipped="False" hidden="False" data="COIL_2" />
      <text name="pindes" originx="1160" originy="20" style="Default" rotation="0" justify="lowerleft" flipped="False" hidden="False" data="5" />
    </sympin>
  </symbol>
  <component name="G6RL-1_24DC" designatorprefix="K" height="484.25196850393" footprint="G6RL124DC">
    <comppin designator="1" sympin="1" pinswap="0" gateswap="0" gate="1" group="1" side="" type="Any" name="COIL_1" />
    <comppin designator="2" sympin="2" pinswap="0" gateswap="0" gate="1" group="1" side="" type="Any" name="COM" />
    <comppin designator="3" sympin="3" pinswap="0" gateswap="0" gate="1" group="1" side="" type="Any" name="NO" />
    <comppin designator="4" sympin="4" pinswap="0" gateswap="0" gate="1" group="1" side="" type="Any" name="NC" />
    <comppin designator="5" sympin="5" pinswap="0" gateswap="0" gate="1" group="1" side="" type="Any" name="COIL_2" />
    <attached_symbol gate="1" name="G6RL-1_24DC" />
    <pinmap designator="1" footprintpin="1" />
    <pinmap designator="2" footprintpin="2" />
    <pinmap designator="3" footprintpin="3" />
    <pinmap designator="4" footprintpin="4" />
    <pinmap designator="5" footprintpin="5" />
    <text name="Datasheet" originx="0" originy="0" style="Default" rotation="0" justify="" flipped="False" hidden="True" data="http://uk.rs-online.com/web/p/products/0419366" />
    <text name="Description" originx="0" originy="0" style="Default" rotation="0" justify="" flipped="False" hidden="True" data="SPDT PCB Mount Non-Latching Relay Through Hole, 10 (NO) A, 8 (NC) A, 24V dc" />
    <text name="RS Part Number" originx="0" originy="0" style="Default" rotation="0" justify="" flipped="False" hidden="True" data="0419366" />
    <text name="RS Price/Stock" originx="0" originy="0" style="Default" rotation="0" justify="" flipped="False" hidden="True" data="http://uk.rs-online.com/web/p/products/0419366" />
    <text name="Manufacturer_Name" originx="0" originy="0" style="Default" rotation="0" justify="" flipped="False" hidden="True" data="Omron Electronics" />
    <text name="Manufacturer_Part_Number" originx="1150" originy="200" style="Default" rotation="0" justify="left" flipped="False" hidden="False" data="G6RL-1 24DC" />
  </component>
</quadcept_library>
