<?xml version="1.0" encoding="utf-8"?>
<!--/463730/55039/2.49/20/3/Connector/-->
<quadcept_library>
  <setting unit="mil" />
  <textstyle name="Default" height="47.244094488189" strokewidth="7.8740157480315" charwidth="47.244094488189" />
  <textstyle name="Dimension" height="19.6850393700787" strokewidth="0" charwidth="19.6850393700787" />
  <textstyle name="H127W0635TH00762" height="50" strokewidth="3" charwidth="25" />
  <textstyle name="H15W15TH02" height="59.0551181102362" strokewidth="7.8740157480315" charwidth="59.0551181102362" />
  <padstyle name="c165_h110" surface="False" plated="True" isvia="False" nopaste="True" nomask="True" complex="False" holesize="43.307086614173">
    <padshape layer="TOP" shape="round" width="64.960629921259" height="64.960629921259" />
    <padshape layer="TOP_SOLDER_MASK" shape="round" width="72.83464566929" height="72.83464566929" />
    <padshape layer="INNER" shape="round" width="64.960629921259" height="64.960629921259" />
    <padshape layer="BOTTOM" shape="round" width="64.960629921259" height="64.960629921259" />
    <padshape layer="BOTTOM_SOLDER_MASK" shape="round" width="72.83464566929" height="72.83464566929" />
  </padstyle>
  <padstyle name="s165_h110" surface="False" plated="True" isvia="False" nopaste="True" nomask="True" complex="False" holesize="43.307086614173">
    <padshape layer="TOP" shape="square" width="64.960629921259" height="64.960629921259" />
    <padshape layer="TOP_SOLDER_MASK" shape="square" width="72.83464566929" height="72.83464566929" />
    <padshape layer="INNER" shape="round" width="64.960629921259" height="64.960629921259" />
    <padshape layer="BOTTOM" shape="square" width="64.960629921259" height="64.960629921259" />
    <padshape layer="BOTTOM_SOLDER_MASK" shape="square" width="72.83464566929" height="72.83464566929" />
  </padstyle>
  <footprint name="SHDR20W64P254_2X10_3306X910X885P" originx="0" originy="0" pickpointx="0" pickpointy="0">
    <pcbpin number="1" name="1" style="s165_h110" originx="0" originy="0" rotation="90" />
    <pcbpin number="2" name="2" style="c165_h110" originx="0" originy="99.999999999999" rotation="90" />
    <pcbpin number="3" name="3" style="c165_h110" originx="99.999999999999" originy="0" rotation="90" />
    <pcbpin number="4" name="4" style="c165_h110" originx="99.999999999999" originy="99.999999999999" rotation="90" />
    <pcbpin number="5" name="5" style="c165_h110" originx="200" originy="0" rotation="90" />
    <pcbpin number="6" name="6" style="c165_h110" originx="200" originy="99.999999999999" rotation="90" />
    <pcbpin number="7" name="7" style="c165_h110" originx="300" originy="0" rotation="90" />
    <pcbpin number="8" name="8" style="c165_h110" originx="300" originy="99.999999999999" rotation="90" />
    <pcbpin number="9" name="9" style="c165_h110" originx="400" originy="0" rotation="90" />
    <pcbpin number="10" name="10" style="c165_h110" originx="400" originy="99.999999999999" rotation="90" />
    <pcbpin number="11" name="11" style="c165_h110" originx="499.99999999999" originy="0" rotation="90" />
    <pcbpin number="12" name="12" style="c165_h110" originx="499.99999999999" originy="99.999999999999" rotation="90" />
    <pcbpin number="13" name="13" style="c165_h110" originx="599.99999999999" originy="0" rotation="90" />
    <pcbpin number="14" name="14" style="c165_h110" originx="599.99999999999" originy="99.999999999999" rotation="90" />
    <pcbpin number="15" name="15" style="c165_h110" originx="699.99999999999" originy="0" rotation="90" />
    <pcbpin number="16" name="16" style="c165_h110" originx="699.99999999999" originy="99.999999999999" rotation="90" />
    <pcbpin number="17" name="17" style="c165_h110" originx="799.99999999999" originy="0" rotation="90" />
    <pcbpin number="18" name="18" style="c165_h110" originx="799.99999999999" originy="99.999999999999" rotation="90" />
    <pcbpin number="19" name="19" style="c165_h110" originx="899.99999999999" originy="0" rotation="90" />
    <pcbpin number="20" name="20" style="c165_h110" originx="899.99999999999" originy="99.999999999999" rotation="90" />
    <line layer="TOP_PLACE_BOUND" originx="-180.31496062992" originy="-138.97637795275" endx="-180.31496062992" endy="238.97637795275" width="1.9685039370079" />
    <line layer="TOP_PLACE_BOUND" originx="-180.31496062992" originy="238.97637795275" endx="1148.8188976378" endy="238.97637795275" width="1.9685039370079" />
    <line layer="TOP_PLACE_BOUND" originx="1148.8188976378" originy="238.97637795275" endx="1148.8188976378" endy="-138.97637795275" width="1.9685039370079" />
    <line layer="TOP_PLACE_BOUND" originx="1148.8188976378" originy="-138.97637795275" endx="-180.31496062992" endy="-138.97637795275" width="1.9685039370079" />
    <line layer="TOP_ASSEMBLY" originx="-170.47244094488" originy="-129.13385826771" endx="-170.47244094488" endy="229.13385826771" width="3.9370078740157" />
    <line layer="TOP_ASSEMBLY" originx="-170.47244094488" originy="229.13385826771" endx="1138.9763779527" endy="229.13385826771" width="3.9370078740157" />
    <line layer="TOP_ASSEMBLY" originx="1138.9763779527" originy="229.13385826771" endx="1138.9763779527" endy="-129.13385826771" width="3.9370078740157" />
    <line layer="TOP_ASSEMBLY" originx="1138.9763779527" originy="-129.13385826771" endx="-170.47244094488" endy="-129.13385826771" width="3.9370078740157" />
    <line layer="TOP_SILKSCREEN" originx="0" originy="-129.13385826771" endx="1138.9763779527" endy="-129.13385826771" width="7.8740157480314" />
    <line layer="TOP_SILKSCREEN" originx="1138.9763779527" originy="-129.13385826771" endx="1138.9763779527" endy="229.13385826771" width="7.8740157480314" />
    <line layer="TOP_SILKSCREEN" originx="1138.9763779527" originy="229.13385826771" endx="-170.47244094488" endy="229.13385826771" width="7.8740157480314" />
    <line layer="TOP_SILKSCREEN" originx="-170.47244094488" originy="229.13385826771" endx="-170.47244094488" endy="0" width="7.8740157480314" />
  </footprint>
  <symbol name="61202021621" originx="0" originy="0">
    <line originx="200" originy="100" endx="700" endy="100" width="0" />
    <line originx="700" originy="-1000" endx="700" endy="100" width="0" />
    <line originx="700" originy="-1000" endx="200" endy="-1000" width="0" />
    <line originx="200" originy="100" endx="200" endy="-1000" width="0" />
    <sympin number="1" originx="200" originy="0" rotation="180" length="100" width="7.8740157480315" flipped="False">
      <text name="pinname" originx="230" originy="0" style="Default" rotation="0" justify="left" flipped="False" hidden="False" data="1" />
      <text name="pindes" originx="140" originy="20" style="Default" rotation="0" justify="lowerright" flipped="False" hidden="False" data="1" />
    </sympin>
    <sympin number="3" originx="200" originy="-100" rotation="180" length="100" width="7.8740157480315" flipped="False">
      <text name="pinname" originx="230" originy="-100" style="Default" rotation="0" justify="left" flipped="False" hidden="False" data="3" />
      <text name="pindes" originx="140" originy="-80" style="Default" rotation="0" justify="lowerright" flipped="False" hidden="False" data="3" />
    </sympin>
    <sympin number="5" originx="200" originy="-200" rotation="180" length="100" width="7.8740157480315" flipped="False">
      <text name="pinname" originx="230" originy="-200" style="Default" rotation="0" justify="left" flipped="False" hidden="False" data="5" />
      <text name="pindes" originx="140" originy="-180" style="Default" rotation="0" justify="lowerright" flipped="False" hidden="False" data="5" />
    </sympin>
    <sympin number="7" originx="200" originy="-300" rotation="180" length="100" width="7.8740157480315" flipped="False">
      <text name="pinname" originx="230" originy="-300" style="Default" rotation="0" justify="left" flipped="False" hidden="False" data="7" />
      <text name="pindes" originx="140" originy="-280" style="Default" rotation="0" justify="lowerright" flipped="False" hidden="False" data="7" />
    </sympin>
    <sympin number="9" originx="200" originy="-400" rotation="180" length="100" width="7.8740157480315" flipped="False">
      <text name="pinname" originx="230" originy="-400" style="Default" rotation="0" justify="left" flipped="False" hidden="False" data="9" />
      <text name="pindes" originx="140" originy="-380" style="Default" rotation="0" justify="lowerright" flipped="False" hidden="False" data="9" />
    </sympin>
    <sympin number="11" originx="200" originy="-500" rotation="180" length="100" width="7.8740157480315" flipped="False">
      <text name="pinname" originx="230" originy="-500" style="Default" rotation="0" justify="left" flipped="False" hidden="False" data="11" />
      <text name="pindes" originx="140" originy="-480" style="Default" rotation="0" justify="lowerright" flipped="False" hidden="False" data="11" />
    </sympin>
    <sympin number="13" originx="200" originy="-600" rotation="180" length="100" width="7.8740157480315" flipped="False">
      <text name="pinname" originx="230" originy="-600" style="Default" rotation="0" justify="left" flipped="False" hidden="False" data="13" />
      <text name="pindes" originx="140" originy="-580" style="Default" rotation="0" justify="lowerright" flipped="False" hidden="False" data="13" />
    </sympin>
    <sympin number="15" originx="200" originy="-700" rotation="180" length="100" width="7.8740157480315" flipped="False">
      <text name="pinname" originx="230" originy="-700" style="Default" rotation="0" justify="left" flipped="False" hidden="False" data="15" />
      <text name="pindes" originx="140" originy="-680" style="Default" rotation="0" justify="lowerright" flipped="False" hidden="False" data="15" />
    </sympin>
    <sympin number="17" originx="200" originy="-800" rotation="180" length="100" width="7.8740157480315" flipped="False">
      <text name="pinname" originx="230" originy="-800" style="Default" rotation="0" justify="left" flipped="False" hidden="False" data="17" />
      <text name="pindes" originx="140" originy="-780" style="Default" rotation="0" justify="lowerright" flipped="False" hidden="False" data="17" />
    </sympin>
    <sympin number="19" originx="200" originy="-900" rotation="180" length="100" width="7.8740157480315" flipped="False">
      <text name="pinname" originx="230" originy="-900" style="Default" rotation="0" justify="left" flipped="False" hidden="False" data="19" />
      <text name="pindes" originx="140" originy="-880" style="Default" rotation="0" justify="lowerright" flipped="False" hidden="False" data="19" />
    </sympin>
    <sympin number="2" originx="700" originy="0" rotation="0" length="100" width="7.8740157480315" flipped="False">
      <text name="pinname" originx="670" originy="0" style="Default" rotation="0" justify="right" flipped="False" hidden="False" data="2" />
      <text name="pindes" originx="760" originy="20" style="Default" rotation="0" justify="lowerleft" flipped="False" hidden="False" data="2" />
    </sympin>
    <sympin number="4" originx="700" originy="-100" rotation="0" length="100" width="7.8740157480315" flipped="False">
      <text name="pinname" originx="670" originy="-100" style="Default" rotation="0" justify="right" flipped="False" hidden="False" data="4" />
      <text name="pindes" originx="760" originy="-80" style="Default" rotation="0" justify="lowerleft" flipped="False" hidden="False" data="4" />
    </sympin>
    <sympin number="6" originx="700" originy="-200" rotation="0" length="100" width="7.8740157480315" flipped="False">
      <text name="pinname" originx="670" originy="-200" style="Default" rotation="0" justify="right" flipped="False" hidden="False" data="6" />
      <text name="pindes" originx="760" originy="-180" style="Default" rotation="0" justify="lowerleft" flipped="False" hidden="False" data="6" />
    </sympin>
    <sympin number="8" originx="700" originy="-300" rotation="0" length="100" width="7.8740157480315" flipped="False">
      <text name="pinname" originx="670" originy="-300" style="Default" rotation="0" justify="right" flipped="False" hidden="False" data="8" />
      <text name="pindes" originx="760" originy="-280" style="Default" rotation="0" justify="lowerleft" flipped="False" hidden="False" data="8" />
    </sympin>
    <sympin number="10" originx="700" originy="-400" rotation="0" length="100" width="7.8740157480315" flipped="False">
      <text name="pinname" originx="670" originy="-400" style="Default" rotation="0" justify="right" flipped="False" hidden="False" data="10" />
      <text name="pindes" originx="760" originy="-380" style="Default" rotation="0" justify="lowerleft" flipped="False" hidden="False" data="10" />
    </sympin>
    <sympin number="12" originx="700" originy="-500" rotation="0" length="100" width="7.8740157480315" flipped="False">
      <text name="pinname" originx="670" originy="-500" style="Default" rotation="0" justify="right" flipped="False" hidden="False" data="12" />
      <text name="pindes" originx="760" originy="-480" style="Default" rotation="0" justify="lowerleft" flipped="False" hidden="False" data="12" />
    </sympin>
    <sympin number="14" originx="700" originy="-600" rotation="0" length="100" width="7.8740157480315" flipped="False">
      <text name="pinname" originx="670" originy="-600" style="Default" rotation="0" justify="right" flipped="False" hidden="False" data="14" />
      <text name="pindes" originx="760" originy="-580" style="Default" rotation="0" justify="lowerleft" flipped="False" hidden="False" data="14" />
    </sympin>
    <sympin number="16" originx="700" originy="-700" rotation="0" length="100" width="7.8740157480315" flipped="False">
      <text name="pinname" originx="670" originy="-700" style="Default" rotation="0" justify="right" flipped="False" hidden="False" data="16" />
      <text name="pindes" originx="760" originy="-680" style="Default" rotation="0" justify="lowerleft" flipped="False" hidden="False" data="16" />
    </sympin>
    <sympin number="18" originx="700" originy="-800" rotation="0" length="100" width="7.8740157480315" flipped="False">
      <text name="pinname" originx="670" originy="-800" style="Default" rotation="0" justify="right" flipped="False" hidden="False" data="18" />
      <text name="pindes" originx="760" originy="-780" style="Default" rotation="0" justify="lowerleft" flipped="False" hidden="False" data="18" />
    </sympin>
    <sympin number="20" originx="700" originy="-900" rotation="0" length="100" width="7.8740157480315" flipped="False">
      <text name="pinname" originx="670" originy="-900" style="Default" rotation="0" justify="right" flipped="False" hidden="False" data="20" />
      <text name="pindes" originx="760" originy="-880" style="Default" rotation="0" justify="lowerleft" flipped="False" hidden="False" data="20" />
    </sympin>
  </symbol>
  <component name="61202021621" designatorprefix="J" height="348.42519685039" footprint="SHDR20W64P254_2X10_3306X910X885P">
    <comppin designator="1" sympin="1" pinswap="0" gateswap="0" gate="1" group="1" side="" type="Any" name="1" />
    <comppin designator="2" sympin="2" pinswap="0" gateswap="0" gate="1" group="1" side="" type="Any" name="2" />
    <comppin designator="3" sympin="3" pinswap="0" gateswap="0" gate="1" group="1" side="" type="Any" name="3" />
    <comppin designator="4" sympin="4" pinswap="0" gateswap="0" gate="1" group="1" side="" type="Any" name="4" />
    <comppin designator="5" sympin="5" pinswap="0" gateswap="0" gate="1" group="1" side="" type="Any" name="5" />
    <comppin designator="6" sympin="6" pinswap="0" gateswap="0" gate="1" group="1" side="" type="Any" name="6" />
    <comppin designator="7" sympin="7" pinswap="0" gateswap="0" gate="1" group="1" side="" type="Any" name="7" />
    <comppin designator="8" sympin="8" pinswap="0" gateswap="0" gate="1" group="1" side="" type="Any" name="8" />
    <comppin designator="9" sympin="9" pinswap="0" gateswap="0" gate="1" group="1" side="" type="Any" name="9" />
    <comppin designator="10" sympin="10" pinswap="0" gateswap="0" gate="1" group="1" side="" type="Any" name="10" />
    <comppin designator="11" sympin="11" pinswap="0" gateswap="0" gate="1" group="1" side="" type="Any" name="11" />
    <comppin designator="12" sympin="12" pinswap="0" gateswap="0" gate="1" group="1" side="" type="Any" name="12" />
    <comppin designator="13" sympin="13" pinswap="0" gateswap="0" gate="1" group="1" side="" type="Any" name="13" />
    <comppin designator="14" sympin="14" pinswap="0" gateswap="0" gate="1" group="1" side="" type="Any" name="14" />
    <comppin designator="15" sympin="15" pinswap="0" gateswap="0" gate="1" group="1" side="" type="Any" name="15" />
    <comppin designator="16" sympin="16" pinswap="0" gateswap="0" gate="1" group="1" side="" type="Any" name="16" />
    <comppin designator="17" sympin="17" pinswap="0" gateswap="0" gate="1" group="1" side="" type="Any" name="17" />
    <comppin designator="18" sympin="18" pinswap="0" gateswap="0" gate="1" group="1" side="" type="Any" name="18" />
    <comppin designator="19" sympin="19" pinswap="0" gateswap="0" gate="1" group="1" side="" type="Any" name="19" />
    <comppin designator="20" sympin="20" pinswap="0" gateswap="0" gate="1" group="1" side="" type="Any" name="20" />
    <attached_symbol gate="1" name="61202021621" />
    <pinmap designator="1" footprintpin="1" />
    <pinmap designator="2" footprintpin="2" />
    <pinmap designator="3" footprintpin="3" />
    <pinmap designator="4" footprintpin="4" />
    <pinmap designator="5" footprintpin="5" />
    <pinmap designator="6" footprintpin="6" />
    <pinmap designator="7" footprintpin="7" />
    <pinmap designator="8" footprintpin="8" />
    <pinmap designator="9" footprintpin="9" />
    <pinmap designator="10" footprintpin="10" />
    <pinmap designator="11" footprintpin="11" />
    <pinmap designator="12" footprintpin="12" />
    <pinmap designator="13" footprintpin="13" />
    <pinmap designator="14" footprintpin="14" />
    <pinmap designator="15" footprintpin="15" />
    <pinmap designator="16" footprintpin="16" />
    <pinmap designator="17" footprintpin="17" />
    <pinmap designator="18" footprintpin="18" />
    <pinmap designator="19" footprintpin="19" />
    <pinmap designator="20" footprintpin="20" />
    <text name="Datasheet" originx="0" originy="0" style="Default" rotation="0" justify="" flipped="False" hidden="True" data="http://uk.rs-online.com/web/p/products/7718351" />
    <text name="Description" originx="0" originy="0" style="Default" rotation="0" justify="" flipped="False" hidden="True" data="Wurth Elektronik 612 Series, 2.54mm Pitch 20 Way 2 Row Straight PCB Header, Solder Termination, 3A" />
    <text name="RS Part Number" originx="0" originy="0" style="Default" rotation="0" justify="" flipped="False" hidden="True" data="7718351" />
    <text name="RS Price/Stock" originx="0" originy="0" style="Default" rotation="0" justify="" flipped="False" hidden="True" data="http://uk.rs-online.com/web/p/products/7718351" />
    <text name="Manufacturer_Name" originx="0" originy="0" style="Default" rotation="0" justify="" flipped="False" hidden="True" data="Wurth Elektronik" />
    <text name="Manufacturer_Part_Number" originx="750" originy="200" style="Default" rotation="0" justify="left" flipped="False" hidden="False" data="61202021621" />
  </component>
</quadcept_library>
