<?xml version="1.0" encoding="utf-8"?>
<!--/1250054/55039/2.49/6/4/Switch/-->
<quadcept_library>
  <setting unit="mil" />
  <textstyle name="Default" height="47.244094488189" strokewidth="7.8740157480315" charwidth="47.244094488189" />
  <textstyle name="Dimension" height="19.6850393700787" strokewidth="0" charwidth="19.6850393700787" />
  <textstyle name="H127W0635TH00762" height="50" strokewidth="3" charwidth="25" />
  <textstyle name="H15W15TH02" height="59.0551181102362" strokewidth="7.8740157480315" charwidth="59.0551181102362" />
  <padstyle name="c140_h90" surface="False" plated="True" isvia="False" nopaste="True" nomask="True" complex="False" holesize="35.433070866141">
    <padshape layer="TOP" shape="round" width="55.11811023622" height="55.11811023622" />
    <padshape layer="TOP_SOLDER_MASK" shape="round" width="62.992125984251" height="62.992125984251" />
    <padshape layer="INNER" shape="round" width="55.11811023622" height="55.11811023622" />
    <padshape layer="BOTTOM" shape="round" width="55.11811023622" height="55.11811023622" />
    <padshape layer="BOTTOM_SOLDER_MASK" shape="round" width="62.992125984251" height="62.992125984251" />
  </padstyle>
  <footprint name="SPPH420100" originx="0" originy="0" pickpointx="0" pickpointy="0">
    <pcbpin number="1" name="1" style="c140_h90" originx="0" originy="0" rotation="90" />
    <pcbpin number="2" name="2" style="c140_h90" originx="98.425196850392" originy="0" rotation="90" />
    <pcbpin number="3" name="3" style="c140_h90" originx="196.85039370078" originy="0" rotation="90" />
    <pcbpin number="4" name="4" style="c140_h90" originx="0" originy="212.59842519685" rotation="90" />
    <pcbpin number="5" name="5" style="c140_h90" originx="98.425196850392" originy="212.59842519685" rotation="90" />
    <pcbpin number="6" name="6" style="c140_h90" originx="196.85039370078" originy="212.59842519685" rotation="90" />
    <line layer="TOP_ASSEMBLY" originx="-68.897637795275" originy="234.25196850393" endx="265.74803149606" endy="234.25196850393" width="7.8740157480314" />
    <line layer="TOP_ASSEMBLY" originx="265.74803149606" originy="234.25196850393" endx="265.74803149606" endy="-21.653543307086" width="7.8740157480314" />
    <line layer="TOP_ASSEMBLY" originx="265.74803149606" originy="-21.653543307086" endx="-68.897637795275" endy="-21.653543307086" width="7.8740157480314" />
    <line layer="TOP_ASSEMBLY" originx="-68.897637795275" originy="-21.653543307086" endx="-68.897637795275" endy="234.25196850393" width="7.8740157480314" />
    <line layer="TOP_PLACE_BOUND" originx="-108.26771653543" originy="279.52755905511" endx="305.11811023622" endy="279.52755905511" width="3.9370078740157" />
    <line layer="TOP_PLACE_BOUND" originx="305.11811023622" originy="279.52755905511" endx="305.11811023622" endy="-66.929133858267" width="3.9370078740157" />
    <line layer="TOP_PLACE_BOUND" originx="305.11811023622" originy="-66.929133858267" endx="-108.26771653543" endy="-66.929133858267" width="3.9370078740157" />
    <line layer="TOP_PLACE_BOUND" originx="-108.26771653543" originy="-66.929133858267" endx="-108.26771653543" endy="279.52755905511" width="3.9370078740157" />
    <line layer="TOP_SILKSCREEN" originx="-39.370078740157" originy="234.25196850393" endx="-68.897637795275" endy="234.25196850393" width="3.9370078740157" />
    <line layer="TOP_SILKSCREEN" originx="-68.897637795275" originy="234.25196850393" endx="-68.897637795275" endy="-21.653543307086" width="3.9370078740157" />
    <line layer="TOP_SILKSCREEN" originx="-68.897637795275" originy="-21.653543307086" endx="-39.370078740157" endy="-21.653543307086" width="3.9370078740157" />
    <line layer="TOP_SILKSCREEN" originx="236.22047244094" originy="-21.653543307086" endx="265.74803149606" endy="-21.653543307086" width="3.9370078740157" />
    <line layer="TOP_SILKSCREEN" originx="265.74803149606" originy="-21.653543307086" endx="265.74803149606" endy="234.25196850393" width="3.9370078740157" />
    <line layer="TOP_SILKSCREEN" originx="265.74803149606" originy="234.25196850393" endx="236.22047244094" endy="234.25196850393" width="3.9370078740157" />
    <line layer="TOP_SILKSCREEN" originx="0" originy="-43.307086614173" endx="0" endy="-43.307086614173" width="7.8740157480314" />
    <arc layer="TOP_SILKSCREEN" originx="-1.0927391974657E-15" originy="-47.244094488188" startangle="90.0" sweepangle="180.0" radius="3.9370078740157" width="7.8740157480314" />
    <line layer="TOP_SILKSCREEN" originx="0" originy="-51.181102362204" endx="0" endy="-51.181102362204" width="7.8740157480314" />
    <arc layer="TOP_SILKSCREEN" originx="-1.0927391974657E-15" originy="-47.244094488188" startangle="-90.0" sweepangle="180.0" radius="3.9370078740157" width="7.8740157480314" />
  </footprint>
  <symbol name="SPPH420100" originx="0" originy="0">
    <line originx="200" originy="100" endx="1300" endy="100" width="0" />
    <line originx="1300" originy="-300" endx="1300" endy="100" width="0" />
    <line originx="1300" originy="-300" endx="200" endy="-300" width="0" />
    <line originx="200" originy="100" endx="200" endy="-300" width="0" />
    <sympin number="1" originx="200" originy="0" rotation="180" length="100" width="7.8740157480315" flipped="False">
      <text name="pinname" originx="230" originy="0" style="Default" rotation="0" justify="left" flipped="False" hidden="False" data="NC_1" />
      <text name="pindes" originx="140" originy="20" style="Default" rotation="0" justify="lowerright" flipped="False" hidden="False" data="1" />
    </sympin>
    <sympin number="2" originx="200" originy="-100" rotation="180" length="100" width="7.8740157480315" flipped="False">
      <text name="pinname" originx="230" originy="-100" style="Default" rotation="0" justify="left" flipped="False" hidden="False" data="COMMON_1" />
      <text name="pindes" originx="140" originy="-80" style="Default" rotation="0" justify="lowerright" flipped="False" hidden="False" data="2" />
    </sympin>
    <sympin number="3" originx="200" originy="-200" rotation="180" length="100" width="7.8740157480315" flipped="False">
      <text name="pinname" originx="230" originy="-200" style="Default" rotation="0" justify="left" flipped="False" hidden="False" data="NO_1" />
      <text name="pindes" originx="140" originy="-180" style="Default" rotation="0" justify="lowerright" flipped="False" hidden="False" data="3" />
    </sympin>
    <sympin number="4" originx="1300" originy="0" rotation="0" length="100" width="7.8740157480315" flipped="False">
      <text name="pinname" originx="1270" originy="0" style="Default" rotation="0" justify="right" flipped="False" hidden="False" data="NC_2" />
      <text name="pindes" originx="1360" originy="20" style="Default" rotation="0" justify="lowerleft" flipped="False" hidden="False" data="4" />
    </sympin>
    <sympin number="5" originx="1300" originy="-100" rotation="0" length="100" width="7.8740157480315" flipped="False">
      <text name="pinname" originx="1270" originy="-100" style="Default" rotation="0" justify="right" flipped="False" hidden="False" data="COMMON_2" />
      <text name="pindes" originx="1360" originy="-80" style="Default" rotation="0" justify="lowerleft" flipped="False" hidden="False" data="5" />
    </sympin>
    <sympin number="6" originx="1300" originy="-200" rotation="0" length="100" width="7.8740157480315" flipped="False">
      <text name="pinname" originx="1270" originy="-200" style="Default" rotation="0" justify="right" flipped="False" hidden="False" data="NO_2" />
      <text name="pindes" originx="1360" originy="-180" style="Default" rotation="0" justify="lowerleft" flipped="False" hidden="False" data="6" />
    </sympin>
  </symbol>
  <component name="SPPH420100" designatorprefix="S" height="708.66141732283" footprint="SPPH420100">
    <comppin designator="1" sympin="1" pinswap="0" gateswap="0" gate="1" group="1" side="" type="Any" name="NC_1" />
    <comppin designator="2" sympin="2" pinswap="0" gateswap="0" gate="1" group="1" side="" type="Any" name="COMMON_1" />
    <comppin designator="3" sympin="3" pinswap="0" gateswap="0" gate="1" group="1" side="" type="Any" name="NO_1" />
    <comppin designator="4" sympin="4" pinswap="0" gateswap="0" gate="1" group="1" side="" type="Any" name="NC_2" />
    <comppin designator="5" sympin="5" pinswap="0" gateswap="0" gate="1" group="1" side="" type="Any" name="COMMON_2" />
    <comppin designator="6" sympin="6" pinswap="0" gateswap="0" gate="1" group="1" side="" type="Any" name="NO_2" />
    <attached_symbol gate="1" name="SPPH420100" />
    <pinmap designator="1" footprintpin="1" />
    <pinmap designator="2" footprintpin="2" />
    <pinmap designator="3" footprintpin="3" />
    <pinmap designator="4" footprintpin="4" />
    <pinmap designator="5" footprintpin="5" />
    <pinmap designator="6" footprintpin="6" />
    <text name="Datasheet" originx="0" originy="0" style="Default" rotation="0" justify="" flipped="False" hidden="True" data="http://uk.rs-online.com/web/p/products/1239052" />
    <text name="Description" originx="0" originy="0" style="Default" rotation="0" justify="" flipped="False" hidden="True" data="Double Pole Double Throw (DPDT) Latching Push Button Switch, PCB, 30V dc" />
    <text name="RS Part Number" originx="0" originy="0" style="Default" rotation="0" justify="" flipped="False" hidden="True" data="1239052" />
    <text name="RS Price/Stock" originx="0" originy="0" style="Default" rotation="0" justify="" flipped="False" hidden="True" data="http://uk.rs-online.com/web/p/products/1239052" />
    <text name="Manufacturer_Name" originx="0" originy="0" style="Default" rotation="0" justify="" flipped="False" hidden="True" data="ALPS Electric" />
    <text name="Manufacturer_Part_Number" originx="1350" originy="200" style="Default" rotation="0" justify="left" flipped="False" hidden="False" data="SPPH420100" />
  </component>
</quadcept_library>
