<?xml version="1.0" encoding="utf-8"?>
<!--/1987921/55039/2.49/7/4/Switch/-->
<quadcept_library>
  <setting unit="mil" />
  <textstyle name="Default" height="47.244094488189" strokewidth="7.8740157480315" charwidth="47.244094488189" />
  <textstyle name="Dimension" height="19.6850393700787" strokewidth="0" charwidth="19.6850393700787" />
  <textstyle name="H127W0635TH00762" height="50" strokewidth="3" charwidth="25" />
  <textstyle name="H15W15TH02" height="59.0551181102362" strokewidth="7.8740157480315" charwidth="59.0551181102362" />
  <padstyle name="c150_h100" surface="False" plated="True" isvia="False" nopaste="True" nomask="True" complex="False" holesize="39.370078740157">
    <padshape layer="TOP" shape="round" width="59.055118110235" height="59.055118110235" />
    <padshape layer="TOP_SOLDER_MASK" shape="round" width="66.929133858267" height="66.929133858267" />
    <padshape layer="INNER" shape="round" width="59.055118110235" height="59.055118110235" />
    <padshape layer="BOTTOM" shape="round" width="59.055118110235" height="59.055118110235" />
    <padshape layer="BOTTOM_SOLDER_MASK" shape="round" width="66.929133858267" height="66.929133858267" />
  </padstyle>
  <padstyle name="c474_h316" surface="False" plated="True" isvia="False" nopaste="True" nomask="True" complex="False" holesize="124.4094488189">
    <padshape layer="TOP" shape="round" width="186.61417322834" height="186.61417322834" />
    <padshape layer="TOP_SOLDER_MASK" shape="round" width="194.48818897638" height="194.48818897638" />
    <padshape layer="INNER" shape="round" width="186.61417322834" height="186.61417322834" />
    <padshape layer="BOTTOM" shape="round" width="186.61417322834" height="186.61417322834" />
    <padshape layer="BOTTOM_SOLDER_MASK" shape="round" width="194.48818897638" height="194.48818897638" />
  </padstyle>
  <footprint name="482020514001" originx="0" originy="0" pickpointx="0" pickpointy="0">
    <pcbpin number="1" name="1" style="c150_h100" originx="0" originy="0" rotation="90" />
    <pcbpin number="2" name="2" style="c150_h100" originx="0" originy="196.85039370078" rotation="90" />
    <pcbpin number="3" name="A1" style="c150_h100" originx="570.86614173228" originy="0" rotation="90" />
    <pcbpin number="4" name="B1" style="c150_h100" originx="570.86614173228" originy="196.85039370078" rotation="90" />
    <pcbpin number="5" name="C1" style="c150_h100" originx="570.86614173228" originy="98.425196850392" rotation="90" />
    <pcbpin number="6" name="MH1" style="c474_h316" originx="275.5905511811" originy="-84.645669291338" rotation="90" />
    <pcbpin number="7" name="MH2" style="c474_h316" originx="275.5905511811" originy="281.49606299212" rotation="90" />
    <line layer="TOP_ASSEMBLY" originx="-9.8425196850392" originy="328.74015748031" endx="531.49606299212" endy="328.74015748031" width="3.9370078740157" />
    <line layer="TOP_ASSEMBLY" originx="531.49606299212" originy="328.74015748031" endx="531.49606299212" endy="-131.88976377953" width="3.9370078740157" />
    <line layer="TOP_ASSEMBLY" originx="531.49606299212" originy="-131.88976377953" endx="-9.8425196850392" endy="-131.88976377953" width="3.9370078740157" />
    <line layer="TOP_ASSEMBLY" originx="-9.8425196850392" originy="-131.88976377953" endx="-9.8425196850392" endy="328.74015748031" width="3.9370078740157" />
    <line layer="TOP_PLACE_BOUND" originx="-68.897637795275" originy="414.17322834645" endx="639.76377952755" endy="414.17322834645" width="3.9370078740157" />
    <line layer="TOP_PLACE_BOUND" originx="639.76377952755" originy="414.17322834645" endx="639.76377952755" endy="-217.32283464567" width="3.9370078740157" />
    <line layer="TOP_PLACE_BOUND" originx="639.76377952755" originy="-217.32283464567" endx="-68.897637795275" endy="-217.32283464567" width="3.9370078740157" />
    <line layer="TOP_PLACE_BOUND" originx="-68.897637795275" originy="-217.32283464567" endx="-68.897637795275" endy="414.17322834645" width="3.9370078740157" />
    <line layer="TOP_SILKSCREEN" originx="-47.244094488188" originy="0" endx="-47.244094488188" endy="0" width="7.8740157480314" />
    <arc layer="TOP_SILKSCREEN" originx="-59.055118110235" originy="0" startangle="-.0" sweepangle="180.0" radius="-3.9370078740157" width="7.8740157480314" />
    <line layer="TOP_SILKSCREEN" originx="-55.11811023622" originy="0" endx="-55.11811023622" endy="0" width="7.8740157480314" />
    <arc layer="TOP_SILKSCREEN" originx="-59.055118110235" originy="0" startangle="180.0" sweepangle="180.0" radius="-3.9370078740157" width="7.8740157480314" />
    <line layer="TOP_SILKSCREEN" originx="-9.8425196850392" originy="153.54330708661" endx="-9.8425196850392" endy="47.244094488188" width="7.8740157480314" />
    <line layer="TOP_SILKSCREEN" originx="-9.8425196850392" originy="-47.244094488188" endx="-9.8425196850392" endy="-131.88976377953" width="7.8740157480314" />
    <line layer="TOP_SILKSCREEN" originx="-9.8425196850392" originy="-131.88976377953" endx="177.16535433071" endy="-131.88976377953" width="7.8740157480314" />
    <line layer="TOP_SILKSCREEN" originx="377.95275590551" originy="-131.88976377953" endx="531.49606299212" endy="-131.88976377953" width="7.8740157480314" />
    <line layer="TOP_SILKSCREEN" originx="531.49606299212" originy="-131.88976377953" endx="531.49606299212" endy="-23.622047244094" width="7.8740157480314" />
    <line layer="TOP_SILKSCREEN" originx="531.49606299212" originy="224.40944881889" endx="531.49606299212" endy="328.74015748031" width="7.8740157480314" />
    <line layer="TOP_SILKSCREEN" originx="531.49606299212" originy="328.74015748031" endx="377.95275590551" endy="328.74015748031" width="7.8740157480314" />
    <line layer="TOP_SILKSCREEN" originx="177.16535433071" originy="328.74015748031" endx="-9.8425196850392" endy="328.74015748031" width="7.8740157480314" />
    <line layer="TOP_SILKSCREEN" originx="-9.8425196850392" originy="328.74015748031" endx="-9.8425196850392" endy="236.22047244094" width="7.8740157480314" />
  </footprint>
  <symbol name="482020514001" originx="0" originy="0">
    <line originx="200" originy="400" endx="1000" endy="400" width="0" />
    <line originx="1000" originy="-600" endx="1000" endy="400" width="0" />
    <line originx="1000" originy="-600" endx="200" endy="-600" width="0" />
    <line originx="200" originy="400" endx="200" endy="-600" width="0" />
    <sympin number="1" originx="200" originy="-100" rotation="180" length="100" width="7.8740157480315" flipped="False">
      <text name="pinname" originx="230" originy="-100" style="Default" rotation="0" justify="left" flipped="False" hidden="False" data="COM" />
      <text name="pindes" originx="140" originy="-80" style="Default" rotation="0" justify="lowerright" flipped="False" hidden="False" data="1" />
    </sympin>
    <sympin number="2" originx="200" originy="0" rotation="180" length="100" width="7.8740157480315" flipped="False">
      <text name="pinname" originx="230" originy="0" style="Default" rotation="0" justify="left" flipped="False" hidden="False" data="NO" />
      <text name="pindes" originx="140" originy="20" style="Default" rotation="0" justify="lowerright" flipped="False" hidden="False" data="2" />
    </sympin>
    <sympin number="3" originx="1000" originy="-200" rotation="0" length="100" width="7.8740157480315" flipped="False">
      <text name="pinname" originx="970" originy="-200" style="Default" rotation="0" justify="right" flipped="False" hidden="False" data="CCW" />
      <text name="pindes" originx="1060" originy="-180" style="Default" rotation="0" justify="lowerleft" flipped="False" hidden="False" data="A1" />
    </sympin>
    <sympin number="4" originx="1000" originy="0" rotation="0" length="100" width="7.8740157480315" flipped="False">
      <text name="pinname" originx="970" originy="0" style="Default" rotation="0" justify="right" flipped="False" hidden="False" data="CW" />
      <text name="pindes" originx="1060" originy="20" style="Default" rotation="0" justify="lowerleft" flipped="False" hidden="False" data="B1" />
    </sympin>
    <sympin number="5" originx="1000" originy="-100" rotation="0" length="100" width="7.8740157480315" flipped="False">
      <text name="pinname" originx="970" originy="-100" style="Default" rotation="0" justify="right" flipped="False" hidden="False" data="WIPER" />
      <text name="pindes" originx="1060" originy="-80" style="Default" rotation="0" justify="lowerleft" flipped="False" hidden="False" data="C1" />
    </sympin>
    <sympin number="6" originx="600" originy="-600" rotation="270" length="100" width="7.8740157480315" flipped="False">
      <text name="pinname" originx="600" originy="-570" style="Default" rotation="0" justify="left" flipped="False" hidden="False" data="MH1" />
      <text name="pindes" originx="580" originy="-660" style="Default" rotation="0" justify="lowerright" flipped="False" hidden="False" data="MH1" />
    </sympin>
    <sympin number="7" originx="600" originy="400" rotation="90" length="100" width="7.8740157480315" flipped="False">
      <text name="pinname" originx="600" originy="370" style="Default" rotation="0" justify="right" flipped="False" hidden="False" data="MH2" />
      <text name="pindes" originx="580" originy="460" style="Default" rotation="0" justify="lowerleft" flipped="False" hidden="False" data="MH2" />
    </sympin>
  </symbol>
  <component name="482020514001" designatorprefix="S" height="1059.0551181102" footprint="482020514001">
    <comppin designator="1" sympin="1" pinswap="0" gateswap="0" gate="1" group="1" side="" type="Any" name="COM" />
    <comppin designator="2" sympin="2" pinswap="0" gateswap="0" gate="1" group="1" side="" type="Any" name="NO" />
    <comppin designator="A1" sympin="3" pinswap="0" gateswap="0" gate="1" group="1" side="" type="Any" name="CCW" />
    <comppin designator="B1" sympin="4" pinswap="0" gateswap="0" gate="1" group="1" side="" type="Any" name="CW" />
    <comppin designator="C1" sympin="5" pinswap="0" gateswap="0" gate="1" group="1" side="" type="Any" name="WIPER" />
    <comppin designator="MH1" sympin="6" pinswap="0" gateswap="0" gate="1" group="1" side="" type="Any" name="MH1" />
    <comppin designator="MH2" sympin="7" pinswap="0" gateswap="0" gate="1" group="1" side="" type="Any" name="MH2" />
    <attached_symbol gate="1" name="482020514001" />
    <pinmap designator="1" footprintpin="1" />
    <pinmap designator="2" footprintpin="2" />
    <pinmap designator="A1" footprintpin="3" />
    <pinmap designator="B1" footprintpin="4" />
    <pinmap designator="C1" footprintpin="5" />
    <pinmap designator="MH1" footprintpin="6" />
    <pinmap designator="MH2" footprintpin="7" />
    <text name="Datasheet" originx="0" originy="0" style="Default" rotation="0" justify="" flipped="False" hidden="True" data="http://uk.rs-online.com/web/p/products/1854446P" />
    <text name="Description" originx="0" originy="0" style="Default" rotation="0" justify="" flipped="False" hidden="True" data="Mechanical Incremental Encoder Switch, 2" />
    <text name="RS Part Number" originx="0" originy="0" style="Default" rotation="0" justify="" flipped="False" hidden="True" data="1854446P" />
    <text name="RS Price/Stock" originx="0" originy="0" style="Default" rotation="0" justify="" flipped="False" hidden="True" data="http://uk.rs-online.com/web/p/products/1854446P" />
    <text name="Manufacturer_Name" originx="0" originy="0" style="Default" rotation="0" justify="" flipped="False" hidden="True" data="Wurth Elektronik" />
    <text name="Manufacturer_Part_Number" originx="1050" originy="500" style="Default" rotation="0" justify="left" flipped="False" hidden="False" data="482020514001" />
  </component>
</quadcept_library>
