<?xml version="1.0" encoding="utf-8"?>
<!--/1036287/55039/2.49/7/0/Variable Resistor/-->
<quadcept_library>
  <setting unit="mil" />
  <textstyle name="Default" height="47.244094488189" strokewidth="7.8740157480315" charwidth="47.244094488189" />
  <textstyle name="Dimension" height="19.6850393700787" strokewidth="0" charwidth="19.6850393700787" />
  <textstyle name="H127W0635TH00762" height="50" strokewidth="3" charwidth="25" />
  <textstyle name="H15W15TH02" height="59.0551181102362" strokewidth="7.8740157480315" charwidth="59.0551181102362" />
  <padstyle name="c255_h170" surface="False" plated="True" isvia="False" nopaste="True" nomask="True" complex="False" holesize="66.929133858267">
    <padshape layer="TOP" shape="round" width="100.3937007874" height="100.3937007874" />
    <padshape layer="TOP_SOLDER_MASK" shape="round" width="108.26771653543" height="108.26771653543" />
    <padshape layer="INNER" shape="round" width="100.3937007874" height="100.3937007874" />
    <padshape layer="BOTTOM" shape="round" width="100.3937007874" height="100.3937007874" />
    <padshape layer="BOTTOM_SOLDER_MASK" shape="round" width="108.26771653543" height="108.26771653543" />
  </padstyle>
  <padstyle name="c180_h120" surface="False" plated="True" isvia="False" nopaste="True" nomask="True" complex="False" holesize="47.244094488188">
    <padshape layer="TOP" shape="round" width="70.866141732283" height="70.866141732283" />
    <padshape layer="TOP_SOLDER_MASK" shape="round" width="78.740157480314" height="78.740157480314" />
    <padshape layer="INNER" shape="round" width="70.866141732283" height="70.866141732283" />
    <padshape layer="BOTTOM" shape="round" width="70.866141732283" height="70.866141732283" />
    <padshape layer="BOTTOM_SOLDER_MASK" shape="round" width="78.740157480314" height="78.740157480314" />
  </padstyle>
  <footprint name="PTA30432015CPB103" originx="0" originy="0" pickpointx="0" pickpointy="0">
    <pcbpin number="1" name="1" style="c180_h120" originx="0" originy="0" rotation="90" />
    <pcbpin number="2" name="2" style="c180_h120" originx="0" originy="-137.79527559055" rotation="90" />
    <pcbpin number="3" name="3" style="c180_h120" originx="1712.5984251968" originy="0" rotation="90" />
    <pcbpin number="4" name="MH1" style="c255_h170" originx="210.62992125984" originy="98.425196850392" rotation="90" />
    <pcbpin number="5" name="MH2" style="c255_h170" originx="1501.968503937" originy="98.425196850392" rotation="90" />
    <pcbpin number="6" name="MH3" style="c255_h170" originx="1549.2125984252" originy="-236.22047244094" rotation="90" />
    <pcbpin number="7" name="MH4" style="c255_h170" originx="163.38582677165" originy="-236.22047244094" rotation="90" />
    <line layer="TOP_ASSEMBLY" originx="-29.527559055118" originy="108.26771653543" endx="1742.1259842519" endy="108.26771653543" width="7.8740157480314" />
    <line layer="TOP_ASSEMBLY" originx="1742.1259842519" originy="108.26771653543" endx="1742.1259842519" endy="-246.06299212598" width="7.8740157480314" />
    <line layer="TOP_ASSEMBLY" originx="1742.1259842519" originy="-246.06299212598" endx="-29.527559055118" endy="-246.06299212598" width="7.8740157480314" />
    <line layer="TOP_ASSEMBLY" originx="-29.527559055118" originy="-246.06299212598" endx="-29.527559055118" endy="108.26771653543" width="7.8740157480314" />
    <line layer="TOP_PLACE_BOUND" originx="-151.5748031496" originy="187.99212598425" endx="1787.4015748031" endy="187.99212598425" width="3.9370078740157" />
    <line layer="TOP_PLACE_BOUND" originx="1787.4015748031" originy="187.99212598425" endx="1787.4015748031" endy="-325.7874015748" width="3.9370078740157" />
    <line layer="TOP_PLACE_BOUND" originx="1787.4015748031" originy="-325.7874015748" endx="-151.5748031496" endy="-325.7874015748" width="3.9370078740157" />
    <line layer="TOP_PLACE_BOUND" originx="-151.5748031496" originy="-325.7874015748" endx="-151.5748031496" endy="187.99212598425" width="3.9370078740157" />
    <line layer="TOP_SILKSCREEN" originx="-108.26771653543" originy="9.8425196850392" endx="-108.26771653543" endy="9.8425196850392" width="7.8740157480314" />
    <arc layer="TOP_SILKSCREEN" originx="-108.26771653543" originy="5.9055118110236" startangle="90.0" sweepangle="180.0" radius="3.9370078740157" width="7.8740157480314" />
    <line layer="TOP_SILKSCREEN" originx="-108.26771653543" originy="1.9685039370079" endx="-108.26771653543" endy="1.9685039370079" width="7.8740157480314" />
    <arc layer="TOP_SILKSCREEN" originx="-108.26771653543" originy="5.9055118110236" startangle="-90.0" sweepangle="180.0" radius="3.9370078740157" width="7.8740157480314" />
    <line layer="TOP_SILKSCREEN" originx="-29.527559055118" originy="49.212598425196" endx="-29.527559055118" endy="108.26771653543" width="3.9370078740157" />
    <line layer="TOP_SILKSCREEN" originx="-29.527559055118" originy="108.26771653543" endx="127.95275590551" endy="108.26771653543" width="3.9370078740157" />
    <line layer="TOP_SILKSCREEN" originx="-29.527559055118" originy="-187.00787401575" endx="-29.527559055118" endy="-246.06299212598" width="3.9370078740157" />
    <line layer="TOP_SILKSCREEN" originx="-29.527559055118" originy="-246.06299212598" endx="88.582677165353" endy="-246.06299212598" width="3.9370078740157" />
    <line layer="TOP_SILKSCREEN" originx="285.43307086614" originy="108.26771653543" endx="1427.1653543307" endy="108.26771653543" width="3.9370078740157" />
    <line layer="TOP_SILKSCREEN" originx="246.06299212598" originy="-246.06299212598" endx="1466.5354330708" endy="-246.06299212598" width="3.9370078740157" />
    <line layer="TOP_SILKSCREEN" originx="1584.6456692913" originy="108.26771653543" endx="1742.1259842519" endy="108.26771653543" width="3.9370078740157" />
    <line layer="TOP_SILKSCREEN" originx="1742.1259842519" originy="108.26771653543" endx="1742.1259842519" endy="49.212598425196" width="3.9370078740157" />
    <line layer="TOP_SILKSCREEN" originx="1624.0157480315" originy="-246.06299212598" endx="1742.1259842519" endy="-246.06299212598" width="3.9370078740157" />
    <line layer="TOP_SILKSCREEN" originx="1742.1259842519" originy="-246.06299212598" endx="1742.1259842519" endy="-49.212598425196" width="3.9370078740157" />
  </footprint>
  <symbol name="PTA3043-2015CPB103" originx="0" originy="0">
    <line originx="200" originy="400" endx="900" endy="400" width="0" />
    <line originx="900" originy="-500" endx="900" endy="400" width="0" />
    <line originx="900" originy="-500" endx="200" endy="-500" width="0" />
    <line originx="200" originy="400" endx="200" endy="-500" width="0" />
    <sympin number="1" originx="200" originy="0" rotation="180" length="100" width="7.8740157480315" flipped="False">
      <text name="pinname" originx="230" originy="0" style="Default" rotation="0" justify="left" flipped="False" hidden="False" data="CCW" />
      <text name="pindes" originx="140" originy="20" style="Default" rotation="0" justify="lowerright" flipped="False" hidden="False" data="1" />
    </sympin>
    <sympin number="2" originx="200" originy="-100" rotation="180" length="100" width="7.8740157480315" flipped="False">
      <text name="pinname" originx="230" originy="-100" style="Default" rotation="0" justify="left" flipped="False" hidden="False" data="WIPER" />
      <text name="pindes" originx="140" originy="-80" style="Default" rotation="0" justify="lowerright" flipped="False" hidden="False" data="2" />
    </sympin>
    <sympin number="3" originx="900" originy="0" rotation="0" length="100" width="7.8740157480315" flipped="False">
      <text name="pinname" originx="870" originy="0" style="Default" rotation="0" justify="right" flipped="False" hidden="False" data="CW" />
      <text name="pindes" originx="960" originy="20" style="Default" rotation="0" justify="lowerleft" flipped="False" hidden="False" data="3" />
    </sympin>
    <sympin number="4" originx="500" originy="400" rotation="90" length="100" width="7.8740157480315" flipped="False">
      <text name="pinname" originx="500" originy="370" style="Default" rotation="0" justify="right" flipped="False" hidden="False" data="MH1" />
      <text name="pindes" originx="480" originy="460" style="Default" rotation="0" justify="lowerleft" flipped="False" hidden="False" data="MH1" />
    </sympin>
    <sympin number="5" originx="600" originy="400" rotation="90" length="100" width="7.8740157480315" flipped="False">
      <text name="pinname" originx="600" originy="370" style="Default" rotation="0" justify="right" flipped="False" hidden="False" data="MH2" />
      <text name="pindes" originx="580" originy="460" style="Default" rotation="0" justify="lowerleft" flipped="False" hidden="False" data="MH2" />
    </sympin>
    <sympin number="6" originx="600" originy="-500" rotation="270" length="100" width="7.8740157480315" flipped="False">
      <text name="pinname" originx="600" originy="-470" style="Default" rotation="0" justify="left" flipped="False" hidden="False" data="MH3" />
      <text name="pindes" originx="580" originy="-560" style="Default" rotation="0" justify="lowerright" flipped="False" hidden="False" data="MH3" />
    </sympin>
    <sympin number="7" originx="500" originy="-500" rotation="270" length="100" width="7.8740157480315" flipped="False">
      <text name="pinname" originx="500" originy="-470" style="Default" rotation="0" justify="left" flipped="False" hidden="False" data="MH4" />
      <text name="pindes" originx="480" originy="-560" style="Default" rotation="0" justify="lowerright" flipped="False" hidden="False" data="MH4" />
    </sympin>
  </symbol>
  <component name="PTA3043-2015CPB103" designatorprefix="VR" height="846.45669291338" footprint="PTA30432015CPB103">
    <comppin designator="1" sympin="1" pinswap="0" gateswap="0" gate="1" group="1" side="" type="Any" name="CCW" />
    <comppin designator="2" sympin="2" pinswap="0" gateswap="0" gate="1" group="1" side="" type="Any" name="WIPER" />
    <comppin designator="3" sympin="3" pinswap="0" gateswap="0" gate="1" group="1" side="" type="Any" name="CW" />
    <comppin designator="MH1" sympin="4" pinswap="0" gateswap="0" gate="1" group="1" side="" type="Any" name="MH1" />
    <comppin designator="MH2" sympin="5" pinswap="0" gateswap="0" gate="1" group="1" side="" type="Any" name="MH2" />
    <comppin designator="MH3" sympin="6" pinswap="0" gateswap="0" gate="1" group="1" side="" type="Any" name="MH3" />
    <comppin designator="MH4" sympin="7" pinswap="0" gateswap="0" gate="1" group="1" side="" type="Any" name="MH4" />
    <attached_symbol gate="1" name="PTA3043-2015CPB103" />
    <pinmap designator="1" footprintpin="1" />
    <pinmap designator="2" footprintpin="2" />
    <pinmap designator="3" footprintpin="3" />
    <pinmap designator="MH1" footprintpin="4" />
    <pinmap designator="MH2" footprintpin="5" />
    <pinmap designator="MH3" footprintpin="6" />
    <pinmap designator="MH4" footprintpin="7" />
    <text name="Datasheet" originx="0" originy="0" style="Default" rotation="0" justify="" flipped="False" hidden="True" data="https://www.bourns.com/docs/Product-Datasheets/pta.pdf" />
    <text name="Description" originx="0" originy="0" style="Default" rotation="0" justify="" flipped="False" hidden="True" data="Slide Potentiometers 15mm Shaft 10K Ohms Sgl Gang Met Lev Lin" />
    <text name="RS Part Number" originx="0" originy="0" style="Default" rotation="0" justify="" flipped="False" hidden="True" data="" />
    <text name="RS Price/Stock" originx="0" originy="0" style="Default" rotation="0" justify="" flipped="False" hidden="True" data="" />
    <text name="Manufacturer_Name" originx="0" originy="0" style="Default" rotation="0" justify="" flipped="False" hidden="True" data="Bourns" />
    <text name="Manufacturer_Part_Number" originx="950" originy="500" style="Default" rotation="0" justify="left" flipped="False" hidden="False" data="PTA3043-2015CPB103" />
  </component>
</quadcept_library>
