<?xml version="1.0" encoding="utf-8"?>
<!--/646593/55039/2.49/6/4/Connector/-->
<quadcept_library>
  <setting unit="mil" />
  <textstyle name="Default" height="47.244094488189" strokewidth="7.8740157480315" charwidth="47.244094488189" />
  <textstyle name="Dimension" height="19.6850393700787" strokewidth="0" charwidth="19.6850393700787" />
  <textstyle name="H127W0635TH00762" height="50" strokewidth="3" charwidth="25" />
  <textstyle name="H15W15TH02" height="59.0551181102362" strokewidth="7.8740157480315" charwidth="59.0551181102362" />
  <padstyle name="c180_h130" surface="False" plated="True" isvia="False" nopaste="True" nomask="True" complex="False" holesize="51.181102362204">
    <padshape layer="TOP" shape="round" width="70.866141732283" height="70.866141732283" />
    <padshape layer="TOP_SOLDER_MASK" shape="round" width="78.740157480314" height="78.740157480314" />
    <padshape layer="INNER" shape="round" width="70.866141732283" height="70.866141732283" />
    <padshape layer="BOTTOM" shape="round" width="70.866141732283" height="70.866141732283" />
    <padshape layer="BOTTOM_SOLDER_MASK" shape="round" width="78.740157480314" height="78.740157480314" />
  </padstyle>
  <padstyle name="c450_h300" surface="False" plated="True" isvia="False" nopaste="True" nomask="True" complex="False" holesize="118.11023622047">
    <padshape layer="TOP" shape="round" width="177.16535433071" height="177.16535433071" />
    <padshape layer="TOP_SOLDER_MASK" shape="round" width="185.03937007874" height="185.03937007874" />
    <padshape layer="INNER" shape="round" width="177.16535433071" height="177.16535433071" />
    <padshape layer="BOTTOM" shape="round" width="177.16535433071" height="177.16535433071" />
    <padshape layer="BOTTOM_SOLDER_MASK" shape="round" width="185.03937007874" height="185.03937007874" />
  </padstyle>
  <footprint name="M8S04PFFRSF8001" originx="0" originy="0" pickpointx="0" pickpointy="0">
    <pcbpin number="1" name="1" style="c180_h130" originx="0" originy="0" rotation="90" />
    <pcbpin number="2" name="2" style="c180_h130" originx="84.645669291338" originy="0" rotation="90" />
    <pcbpin number="3" name="3" style="c180_h130" originx="-19.685039370078" originy="76.771653543306" rotation="90" />
    <pcbpin number="4" name="4" style="c180_h130" originx="104.33070866142" originy="76.771653543306" rotation="90" />
    <pcbpin number="5" name="MH1" style="c450_h300" originx="-203.74015748031" originy="57.086614173228" rotation="90" />
    <pcbpin number="6" name="MH2" style="c450_h300" originx="288.38582677165" originy="57.086614173228" rotation="90" />
    <line layer="TOP_ASSEMBLY" originx="-209.64566929134" originy="787.40157480314" endx="294.29133858267" endy="787.40157480314" width="7.8740157480314" />
    <line layer="TOP_ASSEMBLY" originx="294.29133858267" originy="787.40157480314" endx="294.29133858267" endy="-11.811023622047" width="7.8740157480314" />
    <line layer="TOP_ASSEMBLY" originx="294.29133858267" originy="-11.811023622047" endx="-209.64566929134" endy="-11.811023622047" width="7.8740157480314" />
    <line layer="TOP_ASSEMBLY" originx="-209.64566929134" originy="-11.811023622047" endx="-209.64566929134" endy="787.40157480314" width="7.8740157480314" />
    <line layer="TOP_SILKSCREEN" originx="-115.15748031496" originy="-11.811023622047" endx="-75.787401574802" endy="-11.811023622047" width="3.9370078740157" />
    <line layer="TOP_SILKSCREEN" originx="160.43307086614" originy="-11.811023622047" endx="199.8031496063" endy="-11.811023622047" width="3.9370078740157" />
    <line layer="TOP_SILKSCREEN" originx="-209.64566929134" originy="177.16535433071" endx="-209.64566929134" endy="787.40157480314" width="3.9370078740157" />
    <line layer="TOP_SILKSCREEN" originx="-209.64566929134" originy="787.40157480314" endx="294.29133858267" endy="787.40157480314" width="3.9370078740157" />
    <line layer="TOP_SILKSCREEN" originx="294.29133858267" originy="787.40157480314" endx="294.29133858267" endy="177.16535433071" width="3.9370078740157" />
  </footprint>
  <symbol name="M8S-04PFFR-SF8001" originx="0" originy="0">
    <line originx="200" originy="300" endx="800" endy="300" width="0" />
    <line originx="800" originy="-300" endx="800" endy="300" width="0" />
    <line originx="800" originy="-300" endx="200" endy="-300" width="0" />
    <line originx="200" originy="300" endx="200" endy="-300" width="0" />
    <sympin number="1" originx="400" originy="-300" rotation="270" length="100" width="7.8740157480315" flipped="False">
      <text name="pinname" originx="400" originy="-270" style="Default" rotation="0" justify="left" flipped="False" hidden="False" data="1" />
      <text name="pindes" originx="380" originy="-360" style="Default" rotation="0" justify="lowerright" flipped="False" hidden="False" data="1" />
    </sympin>
    <sympin number="2" originx="500" originy="-300" rotation="270" length="100" width="7.8740157480315" flipped="False">
      <text name="pinname" originx="500" originy="-270" style="Default" rotation="0" justify="left" flipped="False" hidden="False" data="2" />
      <text name="pindes" originx="480" originy="-360" style="Default" rotation="0" justify="lowerright" flipped="False" hidden="False" data="2" />
    </sympin>
    <sympin number="3" originx="400" originy="300" rotation="90" length="100" width="7.8740157480315" flipped="False">
      <text name="pinname" originx="400" originy="270" style="Default" rotation="0" justify="right" flipped="False" hidden="False" data="3" />
      <text name="pindes" originx="380" originy="360" style="Default" rotation="0" justify="lowerleft" flipped="False" hidden="False" data="3" />
    </sympin>
    <sympin number="4" originx="500" originy="300" rotation="90" length="100" width="7.8740157480315" flipped="False">
      <text name="pinname" originx="500" originy="270" style="Default" rotation="0" justify="right" flipped="False" hidden="False" data="4" />
      <text name="pindes" originx="480" originy="360" style="Default" rotation="0" justify="lowerleft" flipped="False" hidden="False" data="4" />
    </sympin>
    <sympin number="5" originx="200" originy="0" rotation="180" length="100" width="7.8740157480315" flipped="False">
      <text name="pinname" originx="230" originy="0" style="Default" rotation="0" justify="left" flipped="False" hidden="False" data="MH1" />
      <text name="pindes" originx="140" originy="20" style="Default" rotation="0" justify="lowerright" flipped="False" hidden="False" data="MH1" />
    </sympin>
    <sympin number="6" originx="800" originy="0" rotation="0" length="100" width="7.8740157480315" flipped="False">
      <text name="pinname" originx="770" originy="0" style="Default" rotation="0" justify="right" flipped="False" hidden="False" data="MH2" />
      <text name="pindes" originx="860" originy="20" style="Default" rotation="0" justify="lowerleft" flipped="False" hidden="False" data="MH2" />
    </sympin>
  </symbol>
  <component name="M8S-04PFFR-SF8001" designatorprefix="J" height="629.92125984251" footprint="M8S04PFFRSF8001">
    <comppin designator="1" sympin="1" pinswap="0" gateswap="0" gate="1" group="1" side="" type="Any" name="1" />
    <comppin designator="2" sympin="2" pinswap="0" gateswap="0" gate="1" group="1" side="" type="Any" name="2" />
    <comppin designator="3" sympin="3" pinswap="0" gateswap="0" gate="1" group="1" side="" type="Any" name="3" />
    <comppin designator="4" sympin="4" pinswap="0" gateswap="0" gate="1" group="1" side="" type="Any" name="4" />
    <comppin designator="MH1" sympin="5" pinswap="0" gateswap="0" gate="1" group="1" side="" type="Any" name="MH1" />
    <comppin designator="MH2" sympin="6" pinswap="0" gateswap="0" gate="1" group="1" side="" type="Any" name="MH2" />
    <attached_symbol gate="1" name="M8S-04PFFR-SF8001" />
    <pinmap designator="1" footprintpin="1" />
    <pinmap designator="2" footprintpin="2" />
    <pinmap designator="3" footprintpin="3" />
    <pinmap designator="4" footprintpin="4" />
    <pinmap designator="MH1" footprintpin="5" />
    <pinmap designator="MH2" footprintpin="6" />
    <text name="Datasheet" originx="0" originy="0" style="Default" rotation="0" justify="" flipped="False" hidden="True" data="http://uk.rs-online.com/web/p/products/1747629" />
    <text name="Description" originx="0" originy="0" style="Default" rotation="0" justify="" flipped="False" hidden="True" data="AMPHENOL LTW - M8S-04PFFR-SF8001 - SENSOR CONNECTOR, M8, RCPT, 4POS" />
    <text name="RS Part Number" originx="0" originy="0" style="Default" rotation="0" justify="" flipped="False" hidden="True" data="1747629" />
    <text name="RS Price/Stock" originx="0" originy="0" style="Default" rotation="0" justify="" flipped="False" hidden="True" data="http://uk.rs-online.com/web/p/products/1747629" />
    <text name="Manufacturer_Name" originx="0" originy="0" style="Default" rotation="0" justify="" flipped="False" hidden="True" data="Amphenol" />
    <text name="Manufacturer_Part_Number" originx="850" originy="400" style="Default" rotation="0" justify="left" flipped="False" hidden="False" data="M8S-04PFFR-SF8001" />
    <text name="Allied_Number" originx="0" originy="0" style="Default" rotation="0" justify="" flipped="False" hidden="True" data="70970691" />
  </component>
</quadcept_library>
