<?xml version="1.0" encoding="utf-8"?>
<!--/13640477/55039/2.49/27/0/Integrated Circuit/-->
<quadcept_library>
  <setting unit="mil" />
  <textstyle name="Default" height="47.244094488189" strokewidth="7.8740157480315" charwidth="47.244094488189" />
  <textstyle name="Dimension" height="19.6850393700787" strokewidth="0" charwidth="19.6850393700787" />
  <textstyle name="H127W0635TH00762" height="50" strokewidth="3" charwidth="25" />
  <textstyle name="H15W15TH02" height="59.0551181102362" strokewidth="7.8740157480315" charwidth="59.0551181102362" />
  <padstyle name="r150_90" surface="True" plated="False" isvia="False" nopaste="False" nomask="True" complex="False" holesize="0">
    <padshape layer="TOP" shape="rectangle" width="35.433070866141" height="59.055118110235" />
    <padshape layer="TOP_SOLDER_MASK" shape="rectangle" width="43.307086614173" height="66.929133858267" />
    <padshape layer="TOP_SOLDER_PASTE" shape="rectangle" width="35.433070866141" height="59.055118110235" />
  </padstyle>
  <padstyle name="s70" surface="True" plated="False" isvia="False" nopaste="False" nomask="True" complex="False" holesize="0">
    <padshape layer="TOP" shape="square" width="27.55905511811" height="27.55905511811" />
    <padshape layer="TOP_SOLDER_MASK" shape="square" width="35.433070866141" height="35.433070866141" />
    <padshape layer="TOP_SOLDER_PASTE" shape="square" width="27.55905511811" height="27.55905511811" />
  </padstyle>
  <footprint name="ESP32C3WROOM02N4" originx="0" originy="0" pickpointx="0" pickpointy="0">
    <pcbpin number="1" name="1" style="r150_90" originx="-382.28346456692" originy="244.09448818897" rotation="90" />
    <pcbpin number="2" name="2" style="r150_90" originx="-382.28346456692" originy="185.03937007874" rotation="90" />
    <pcbpin number="3" name="3" style="r150_90" originx="-382.28346456692" originy="125.9842519685" rotation="90" />
    <pcbpin number="4" name="4" style="r150_90" originx="-382.28346456692" originy="66.929133858267" rotation="90" />
    <pcbpin number="5" name="5" style="r150_90" originx="-382.28346456692" originy="7.8740157480314" rotation="90" />
    <pcbpin number="6" name="6" style="r150_90" originx="-382.28346456692" originy="-51.181102362204" rotation="90" />
    <pcbpin number="7" name="7" style="r150_90" originx="-382.28346456692" originy="-110.23622047244" rotation="90" />
    <pcbpin number="8" name="8" style="r150_90" originx="-382.28346456692" originy="-169.29133858268" rotation="90" />
    <pcbpin number="9" name="9" style="r150_90" originx="-382.28346456692" originy="-228.34645669291" rotation="90" />
    <pcbpin number="10" name="10" style="r150_90" originx="306.69291338582" originy="-228.34645669291" rotation="90" />
    <pcbpin number="11" name="11" style="r150_90" originx="306.69291338582" originy="-169.29133858268" rotation="90" />
    <pcbpin number="12" name="12" style="r150_90" originx="306.69291338582" originy="-110.23622047244" rotation="90" />
    <pcbpin number="13" name="13" style="r150_90" originx="306.69291338582" originy="-51.181102362204" rotation="90" />
    <pcbpin number="14" name="14" style="r150_90" originx="306.69291338582" originy="7.8740157480314" rotation="90" />
    <pcbpin number="15" name="15" style="r150_90" originx="306.69291338582" originy="66.929133858267" rotation="90" />
    <pcbpin number="16" name="16" style="r150_90" originx="306.69291338582" originy="125.9842519685" rotation="90" />
    <pcbpin number="17" name="17" style="r150_90" originx="306.69291338582" originy="185.03937007874" rotation="90" />
    <pcbpin number="18" name="18" style="r150_90" originx="306.69291338582" originy="244.09448818897" rotation="90" />
    <pcbpin number="19" name="19" style="s70" originx="0" originy="0" rotation="90" />
    <pcbpin number="20" name="20" style="s70" originx="43.307086614173" originy="0" rotation="90" />
    <pcbpin number="21" name="21" style="s70" originx="43.307086614173" originy="43.307086614173" rotation="90" />
    <pcbpin number="22" name="22" style="s70" originx="0" originy="43.307086614173" rotation="90" />
    <pcbpin number="23" name="23" style="s70" originx="-43.307086614173" originy="43.307086614173" rotation="90" />
    <pcbpin number="24" name="24" style="s70" originx="-43.307086614173" originy="0" rotation="90" />
    <pcbpin number="25" name="25" style="s70" originx="-43.307086614173" originy="-43.307086614173" rotation="90" />
    <pcbpin number="26" name="26" style="s70" originx="0" originy="-43.307086614173" rotation="90" />
    <pcbpin number="27" name="27" style="s70" originx="43.307086614173" originy="-43.307086614173" rotation="90" />
    <line layer="TOP_ASSEMBLY" originx="-392.12598425196" originy="-263.77952755905" endx="316.53543307086" endy="-263.77952755905" width="3.9370078740157" />
    <line layer="TOP_ASSEMBLY" originx="316.53543307086" originy="-263.77952755905" endx="316.53543307086" endy="523.62204724409" width="3.9370078740157" />
    <line layer="TOP_ASSEMBLY" originx="316.53543307086" originy="523.62204724409" endx="-392.12598425196" endy="523.62204724409" width="3.9370078740157" />
    <line layer="TOP_ASSEMBLY" originx="-392.12598425196" originy="523.62204724409" endx="-392.12598425196" endy="-263.77952755905" width="3.9370078740157" />
    <line layer="TOP_SILKSCREEN" originx="-323.22834645669" originy="-263.77952755905" endx="247.63779527559" endy="-263.77952755905" width="7.8740157480314" />
    <line layer="TOP_SILKSCREEN" originx="247.63779527559" originy="-263.77952755905" endx="247.63779527559" endy="-263.77952755905" width="7.8740157480314" />
    <line layer="TOP_SILKSCREEN" originx="247.63779527559" originy="-263.77952755905" endx="-323.22834645669" endy="-263.77952755905" width="7.8740157480314" />
    <line layer="TOP_SILKSCREEN" originx="-323.22834645669" originy="-263.77952755905" endx="-323.22834645669" endy="-263.77952755905" width="7.8740157480314" />
    <line layer="TOP_SILKSCREEN" originx="316.53543307086" originy="523.62204724409" endx="-392.12598425196" endy="523.62204724409" width="7.8740157480314" />
    <line layer="TOP_SILKSCREEN" originx="-392.12598425196" originy="523.62204724409" endx="-392.12598425196" endy="523.62204724409" width="7.8740157480314" />
    <line layer="TOP_SILKSCREEN" originx="-392.12598425196" originy="523.62204724409" endx="316.53543307086" endy="523.62204724409" width="7.8740157480314" />
    <line layer="TOP_SILKSCREEN" originx="316.53543307086" originy="523.62204724409" endx="316.53543307086" endy="523.62204724409" width="7.8740157480314" />
    <line layer="TOP_PLACE_BOUND" originx="-478.74015748031" originy="562.99212598425" endx="375.5905511811" endy="562.99212598425" width="3.9370078740157" />
    <line layer="TOP_PLACE_BOUND" originx="375.5905511811" originy="562.99212598425" endx="375.5905511811" endy="-303.14960629921" width="3.9370078740157" />
    <line layer="TOP_PLACE_BOUND" originx="375.5905511811" originy="-303.14960629921" endx="-478.74015748031" endy="-303.14960629921" width="3.9370078740157" />
    <line layer="TOP_PLACE_BOUND" originx="-478.74015748031" originy="-303.14960629921" endx="-478.74015748031" endy="562.99212598425" width="3.9370078740157" />
    <line layer="TOP_SILKSCREEN" originx="316.53543307086" originy="287.40157480315" endx="316.53543307086" endy="287.40157480315" width="7.8740157480314" />
    <line layer="TOP_SILKSCREEN" originx="316.53543307086" originy="287.40157480315" endx="316.53543307086" endy="523.62204724409" width="7.8740157480314" />
    <line layer="TOP_SILKSCREEN" originx="316.53543307086" originy="523.62204724409" endx="316.53543307086" endy="523.62204724409" width="7.8740157480314" />
    <line layer="TOP_SILKSCREEN" originx="316.53543307086" originy="523.62204724409" endx="316.53543307086" endy="287.40157480315" width="7.8740157480314" />
    <line layer="TOP_SILKSCREEN" originx="-392.12598425196" originy="523.62204724409" endx="-392.12598425196" endy="523.62204724409" width="7.8740157480314" />
    <line layer="TOP_SILKSCREEN" originx="-392.12598425196" originy="523.62204724409" endx="-392.12598425196" endy="287.40157480315" width="7.8740157480314" />
    <line layer="TOP_SILKSCREEN" originx="-392.12598425196" originy="287.40157480315" endx="-392.12598425196" endy="287.40157480315" width="7.8740157480314" />
    <line layer="TOP_SILKSCREEN" originx="-392.12598425196" originy="287.40157480315" endx="-392.12598425196" endy="523.62204724409" width="7.8740157480314" />
    <line layer="TOP_SILKSCREEN" originx="-439.37007874015" originy="244.09448818897" endx="-439.37007874015" endy="244.09448818897" width="7.8740157480314" />
    <arc layer="TOP_SILKSCREEN" originx="-435.43307086614" originy="244.09448818897" startangle="180.0" sweepangle="180.0" radius="3.9370078740157" width="7.8740157480314" />
    <line layer="TOP_SILKSCREEN" originx="-431.49606299212" originy="244.09448818897" endx="-431.49606299212" endy="244.09448818897" width="7.8740157480314" />
    <arc layer="TOP_SILKSCREEN" originx="-435.43307086614" originy="244.09448818897" startangle=".0" sweepangle="180.0" radius="3.9370078740157" width="7.8740157480314" />
    <line layer="TOP_SILKSCREEN" originx="-439.37007874015" originy="244.09448818897" endx="-439.37007874015" endy="244.09448818897" width="7.8740157480314" />
    <arc layer="TOP_SILKSCREEN" originx="-435.43307086614" originy="244.09448818897" startangle="180.0" sweepangle="180.0" radius="3.9370078740157" width="7.8740157480314" />
  </footprint>
  <symbol name="ESP32-C3-WROOM-02-N4" originx="0" originy="0">
    <line originx="200" originy="100" endx="1100" endy="100" width="0" />
    <line originx="1100" originy="-1400" endx="1100" endy="100" width="0" />
    <line originx="1100" originy="-1400" endx="200" endy="-1400" width="0" />
    <line originx="200" originy="100" endx="200" endy="-1400" width="0" />
    <sympin number="1" originx="200" originy="0" rotation="180" length="100" width="7.8740157480315" flipped="False">
      <text name="pinname" originx="230" originy="0" style="Default" rotation="0" justify="left" flipped="False" hidden="False" data="3V3" />
      <text name="pindes" originx="140" originy="20" style="Default" rotation="0" justify="lowerright" flipped="False" hidden="False" data="1" />
    </sympin>
    <sympin number="2" originx="200" originy="-100" rotation="180" length="100" width="7.8740157480315" flipped="False">
      <text name="pinname" originx="230" originy="-100" style="Default" rotation="0" justify="left" flipped="False" hidden="False" data="EN" />
      <text name="pindes" originx="140" originy="-80" style="Default" rotation="0" justify="lowerright" flipped="False" hidden="False" data="2" />
    </sympin>
    <sympin number="3" originx="200" originy="-200" rotation="180" length="100" width="7.8740157480315" flipped="False">
      <text name="pinname" originx="230" originy="-200" style="Default" rotation="0" justify="left" flipped="False" hidden="False" data="IO4" />
      <text name="pindes" originx="140" originy="-180" style="Default" rotation="0" justify="lowerright" flipped="False" hidden="False" data="3" />
    </sympin>
    <sympin number="4" originx="200" originy="-300" rotation="180" length="100" width="7.8740157480315" flipped="False">
      <text name="pinname" originx="230" originy="-300" style="Default" rotation="0" justify="left" flipped="False" hidden="False" data="IO5" />
      <text name="pindes" originx="140" originy="-280" style="Default" rotation="0" justify="lowerright" flipped="False" hidden="False" data="4" />
    </sympin>
    <sympin number="5" originx="200" originy="-400" rotation="180" length="100" width="7.8740157480315" flipped="False">
      <text name="pinname" originx="230" originy="-400" style="Default" rotation="0" justify="left" flipped="False" hidden="False" data="IO6" />
      <text name="pindes" originx="140" originy="-380" style="Default" rotation="0" justify="lowerright" flipped="False" hidden="False" data="5" />
    </sympin>
    <sympin number="6" originx="200" originy="-500" rotation="180" length="100" width="7.8740157480315" flipped="False">
      <text name="pinname" originx="230" originy="-500" style="Default" rotation="0" justify="left" flipped="False" hidden="False" data="IO7" />
      <text name="pindes" originx="140" originy="-480" style="Default" rotation="0" justify="lowerright" flipped="False" hidden="False" data="6" />
    </sympin>
    <sympin number="7" originx="200" originy="-600" rotation="180" length="100" width="7.8740157480315" flipped="False">
      <text name="pinname" originx="230" originy="-600" style="Default" rotation="0" justify="left" flipped="False" hidden="False" data="IO8" />
      <text name="pindes" originx="140" originy="-580" style="Default" rotation="0" justify="lowerright" flipped="False" hidden="False" data="7" />
    </sympin>
    <sympin number="8" originx="200" originy="-700" rotation="180" length="100" width="7.8740157480315" flipped="False">
      <text name="pinname" originx="230" originy="-700" style="Default" rotation="0" justify="left" flipped="False" hidden="False" data="IO9" />
      <text name="pindes" originx="140" originy="-680" style="Default" rotation="0" justify="lowerright" flipped="False" hidden="False" data="8" />
    </sympin>
    <sympin number="9" originx="200" originy="-800" rotation="180" length="100" width="7.8740157480315" flipped="False">
      <text name="pinname" originx="230" originy="-800" style="Default" rotation="0" justify="left" flipped="False" hidden="False" data="GND_1" />
      <text name="pindes" originx="140" originy="-780" style="Default" rotation="0" justify="lowerright" flipped="False" hidden="False" data="9" />
    </sympin>
    <sympin number="10" originx="200" originy="-900" rotation="180" length="100" width="7.8740157480315" flipped="False">
      <text name="pinname" originx="230" originy="-900" style="Default" rotation="0" justify="left" flipped="False" hidden="False" data="IO10" />
      <text name="pindes" originx="140" originy="-880" style="Default" rotation="0" justify="lowerright" flipped="False" hidden="False" data="10" />
    </sympin>
    <sympin number="11" originx="200" originy="-1000" rotation="180" length="100" width="7.8740157480315" flipped="False">
      <text name="pinname" originx="230" originy="-1000" style="Default" rotation="0" justify="left" flipped="False" hidden="False" data="RXD" />
      <text name="pindes" originx="140" originy="-980" style="Default" rotation="0" justify="lowerright" flipped="False" hidden="False" data="11" />
    </sympin>
    <sympin number="12" originx="200" originy="-1100" rotation="180" length="100" width="7.8740157480315" flipped="False">
      <text name="pinname" originx="230" originy="-1100" style="Default" rotation="0" justify="left" flipped="False" hidden="False" data="TXD" />
      <text name="pindes" originx="140" originy="-1080" style="Default" rotation="0" justify="lowerright" flipped="False" hidden="False" data="12" />
    </sympin>
    <sympin number="13" originx="200" originy="-1200" rotation="180" length="100" width="7.8740157480315" flipped="False">
      <text name="pinname" originx="230" originy="-1200" style="Default" rotation="0" justify="left" flipped="False" hidden="False" data="IO18" />
      <text name="pindes" originx="140" originy="-1180" style="Default" rotation="0" justify="lowerright" flipped="False" hidden="False" data="13" />
    </sympin>
    <sympin number="14" originx="200" originy="-1300" rotation="180" length="100" width="7.8740157480315" flipped="False">
      <text name="pinname" originx="230" originy="-1300" style="Default" rotation="0" justify="left" flipped="False" hidden="False" data="IO19" />
      <text name="pindes" originx="140" originy="-1280" style="Default" rotation="0" justify="lowerright" flipped="False" hidden="False" data="14" />
    </sympin>
    <sympin number="15" originx="1100" originy="0" rotation="0" length="100" width="7.8740157480315" flipped="False">
      <text name="pinname" originx="1070" originy="0" style="Default" rotation="0" justify="right" flipped="False" hidden="False" data="IO3" />
      <text name="pindes" originx="1160" originy="20" style="Default" rotation="0" justify="lowerleft" flipped="False" hidden="False" data="15" />
    </sympin>
    <sympin number="16" originx="1100" originy="-100" rotation="0" length="100" width="7.8740157480315" flipped="False">
      <text name="pinname" originx="1070" originy="-100" style="Default" rotation="0" justify="right" flipped="False" hidden="False" data="IO2" />
      <text name="pindes" originx="1160" originy="-80" style="Default" rotation="0" justify="lowerleft" flipped="False" hidden="False" data="16" />
    </sympin>
    <sympin number="17" originx="1100" originy="-200" rotation="0" length="100" width="7.8740157480315" flipped="False">
      <text name="pinname" originx="1070" originy="-200" style="Default" rotation="0" justify="right" flipped="False" hidden="False" data="IO1" />
      <text name="pindes" originx="1160" originy="-180" style="Default" rotation="0" justify="lowerleft" flipped="False" hidden="False" data="17" />
    </sympin>
    <sympin number="18" originx="1100" originy="-300" rotation="0" length="100" width="7.8740157480315" flipped="False">
      <text name="pinname" originx="1070" originy="-300" style="Default" rotation="0" justify="right" flipped="False" hidden="False" data="IO0" />
      <text name="pindes" originx="1160" originy="-280" style="Default" rotation="0" justify="lowerleft" flipped="False" hidden="False" data="18" />
    </sympin>
    <sympin number="19" originx="1100" originy="-400" rotation="0" length="100" width="7.8740157480315" flipped="False">
      <text name="pinname" originx="1070" originy="-400" style="Default" rotation="0" justify="right" flipped="False" hidden="False" data="GND_2" />
      <text name="pindes" originx="1160" originy="-380" style="Default" rotation="0" justify="lowerleft" flipped="False" hidden="False" data="19" />
    </sympin>
    <sympin number="20" originx="1100" originy="-500" rotation="0" length="100" width="7.8740157480315" flipped="False">
      <text name="pinname" originx="1070" originy="-500" style="Default" rotation="0" justify="right" flipped="False" hidden="False" data="GND_3" />
      <text name="pindes" originx="1160" originy="-480" style="Default" rotation="0" justify="lowerleft" flipped="False" hidden="False" data="20" />
    </sympin>
    <sympin number="21" originx="1100" originy="-600" rotation="0" length="100" width="7.8740157480315" flipped="False">
      <text name="pinname" originx="1070" originy="-600" style="Default" rotation="0" justify="right" flipped="False" hidden="False" data="GND_4" />
      <text name="pindes" originx="1160" originy="-580" style="Default" rotation="0" justify="lowerleft" flipped="False" hidden="False" data="21" />
    </sympin>
    <sympin number="22" originx="1100" originy="-700" rotation="0" length="100" width="7.8740157480315" flipped="False">
      <text name="pinname" originx="1070" originy="-700" style="Default" rotation="0" justify="right" flipped="False" hidden="False" data="GND_5" />
      <text name="pindes" originx="1160" originy="-680" style="Default" rotation="0" justify="lowerleft" flipped="False" hidden="False" data="22" />
    </sympin>
    <sympin number="23" originx="1100" originy="-800" rotation="0" length="100" width="7.8740157480315" flipped="False">
      <text name="pinname" originx="1070" originy="-800" style="Default" rotation="0" justify="right" flipped="False" hidden="False" data="GND_6" />
      <text name="pindes" originx="1160" originy="-780" style="Default" rotation="0" justify="lowerleft" flipped="False" hidden="False" data="23" />
    </sympin>
    <sympin number="24" originx="1100" originy="-900" rotation="0" length="100" width="7.8740157480315" flipped="False">
      <text name="pinname" originx="1070" originy="-900" style="Default" rotation="0" justify="right" flipped="False" hidden="False" data="GND_7" />
      <text name="pindes" originx="1160" originy="-880" style="Default" rotation="0" justify="lowerleft" flipped="False" hidden="False" data="24" />
    </sympin>
    <sympin number="25" originx="1100" originy="-1000" rotation="0" length="100" width="7.8740157480315" flipped="False">
      <text name="pinname" originx="1070" originy="-1000" style="Default" rotation="0" justify="right" flipped="False" hidden="False" data="GND_8" />
      <text name="pindes" originx="1160" originy="-980" style="Default" rotation="0" justify="lowerleft" flipped="False" hidden="False" data="25" />
    </sympin>
    <sympin number="26" originx="1100" originy="-1100" rotation="0" length="100" width="7.8740157480315" flipped="False">
      <text name="pinname" originx="1070" originy="-1100" style="Default" rotation="0" justify="right" flipped="False" hidden="False" data="GND_9" />
      <text name="pindes" originx="1160" originy="-1080" style="Default" rotation="0" justify="lowerleft" flipped="False" hidden="False" data="26" />
    </sympin>
    <sympin number="27" originx="1100" originy="-1200" rotation="0" length="100" width="7.8740157480315" flipped="False">
      <text name="pinname" originx="1070" originy="-1200" style="Default" rotation="0" justify="right" flipped="False" hidden="False" data="GND_10" />
      <text name="pindes" originx="1160" originy="-1180" style="Default" rotation="0" justify="lowerleft" flipped="False" hidden="False" data="27" />
    </sympin>
  </symbol>
  <component name="ESP32-C3-WROOM-02-N4" designatorprefix="IC" height="131.88976377953" footprint="ESP32C3WROOM02N4">
    <comppin designator="1" sympin="1" pinswap="0" gateswap="0" gate="1" group="1" side="" type="Any" name="3V3" />
    <comppin designator="2" sympin="2" pinswap="0" gateswap="0" gate="1" group="1" side="" type="Any" name="EN" />
    <comppin designator="3" sympin="3" pinswap="0" gateswap="0" gate="1" group="1" side="" type="Any" name="IO4" />
    <comppin designator="4" sympin="4" pinswap="0" gateswap="0" gate="1" group="1" side="" type="Any" name="IO5" />
    <comppin designator="5" sympin="5" pinswap="0" gateswap="0" gate="1" group="1" side="" type="Any" name="IO6" />
    <comppin designator="6" sympin="6" pinswap="0" gateswap="0" gate="1" group="1" side="" type="Any" name="IO7" />
    <comppin designator="7" sympin="7" pinswap="0" gateswap="0" gate="1" group="1" side="" type="Any" name="IO8" />
    <comppin designator="8" sympin="8" pinswap="0" gateswap="0" gate="1" group="1" side="" type="Any" name="IO9" />
    <comppin designator="9" sympin="9" pinswap="0" gateswap="0" gate="1" group="1" side="" type="Any" name="GND_1" />
    <comppin designator="10" sympin="10" pinswap="0" gateswap="0" gate="1" group="1" side="" type="Any" name="IO10" />
    <comppin designator="11" sympin="11" pinswap="0" gateswap="0" gate="1" group="1" side="" type="Any" name="RXD" />
    <comppin designator="12" sympin="12" pinswap="0" gateswap="0" gate="1" group="1" side="" type="Any" name="TXD" />
    <comppin designator="13" sympin="13" pinswap="0" gateswap="0" gate="1" group="1" side="" type="Any" name="IO18" />
    <comppin designator="14" sympin="14" pinswap="0" gateswap="0" gate="1" group="1" side="" type="Any" name="IO19" />
    <comppin designator="15" sympin="15" pinswap="0" gateswap="0" gate="1" group="1" side="" type="Any" name="IO3" />
    <comppin designator="16" sympin="16" pinswap="0" gateswap="0" gate="1" group="1" side="" type="Any" name="IO2" />
    <comppin designator="17" sympin="17" pinswap="0" gateswap="0" gate="1" group="1" side="" type="Any" name="IO1" />
    <comppin designator="18" sympin="18" pinswap="0" gateswap="0" gate="1" group="1" side="" type="Any" name="IO0" />
    <comppin designator="19" sympin="19" pinswap="0" gateswap="0" gate="1" group="1" side="" type="Any" name="GND_2" />
    <comppin designator="20" sympin="20" pinswap="0" gateswap="0" gate="1" group="1" side="" type="Any" name="GND_3" />
    <comppin designator="21" sympin="21" pinswap="0" gateswap="0" gate="1" group="1" side="" type="Any" name="GND_4" />
    <comppin designator="22" sympin="22" pinswap="0" gateswap="0" gate="1" group="1" side="" type="Any" name="GND_5" />
    <comppin designator="23" sympin="23" pinswap="0" gateswap="0" gate="1" group="1" side="" type="Any" name="GND_6" />
    <comppin designator="24" sympin="24" pinswap="0" gateswap="0" gate="1" group="1" side="" type="Any" name="GND_7" />
    <comppin designator="25" sympin="25" pinswap="0" gateswap="0" gate="1" group="1" side="" type="Any" name="GND_8" />
    <comppin designator="26" sympin="26" pinswap="0" gateswap="0" gate="1" group="1" side="" type="Any" name="GND_9" />
    <comppin designator="27" sympin="27" pinswap="0" gateswap="0" gate="1" group="1" side="" type="Any" name="GND_10" />
    <attached_symbol gate="1" name="ESP32-C3-WROOM-02-N4" />
    <pinmap designator="1" footprintpin="1" />
    <pinmap designator="2" footprintpin="2" />
    <pinmap designator="3" footprintpin="3" />
    <pinmap designator="4" footprintpin="4" />
    <pinmap designator="5" footprintpin="5" />
    <pinmap designator="6" footprintpin="6" />
    <pinmap designator="7" footprintpin="7" />
    <pinmap designator="8" footprintpin="8" />
    <pinmap designator="9" footprintpin="9" />
    <pinmap designator="10" footprintpin="10" />
    <pinmap designator="11" footprintpin="11" />
    <pinmap designator="12" footprintpin="12" />
    <pinmap designator="13" footprintpin="13" />
    <pinmap designator="14" footprintpin="14" />
    <pinmap designator="15" footprintpin="15" />
    <pinmap designator="16" footprintpin="16" />
    <pinmap designator="17" footprintpin="17" />
    <pinmap designator="18" footprintpin="18" />
    <pinmap designator="19" footprintpin="19" />
    <pinmap designator="20" footprintpin="20" />
    <pinmap designator="21" footprintpin="21" />
    <pinmap designator="22" footprintpin="22" />
    <pinmap designator="23" footprintpin="23" />
    <pinmap designator="24" footprintpin="24" />
    <pinmap designator="25" footprintpin="25" />
    <pinmap designator="26" footprintpin="26" />
    <pinmap designator="27" footprintpin="27" />
    <text name="Datasheet" originx="0" originy="0" style="Default" rotation="0" justify="" flipped="False" hidden="True" data="https://www.mouser.ch/datasheet/2/891/Espressif_ESP32_C3_WROOM_02-2006871.pdf" />
    <text name="Description" originx="0" originy="0" style="Default" rotation="0" justify="" flipped="False" hidden="True" data="WiFi Modules (802.11) (Engineering Samples) SMD module, ESP32-C3, 4MB SPI flash, PCB antenna, -40 C +85 C" />
    <text name="RS Part Number" originx="0" originy="0" style="Default" rotation="0" justify="" flipped="False" hidden="True" data="" />
    <text name="RS Price/Stock" originx="0" originy="0" style="Default" rotation="0" justify="" flipped="False" hidden="True" data="" />
    <text name="Manufacturer_Name" originx="0" originy="0" style="Default" rotation="0" justify="" flipped="False" hidden="True" data="Espressif Systems" />
    <text name="Manufacturer_Part_Number" originx="1150" originy="200" style="Default" rotation="0" justify="left" flipped="False" hidden="False" data="ESP32-C3-WROOM-02-N4" />
  </component>
</quadcept_library>
