<?xml version="1.0" encoding="utf-8"?>
<!--/1294620/55039/2.49/6/4/Connector/-->
<quadcept_library>
  <setting unit="mil" />
  <textstyle name="Default" height="47.244094488189" strokewidth="7.8740157480315" charwidth="47.244094488189" />
  <textstyle name="Dimension" height="19.6850393700787" strokewidth="0" charwidth="19.6850393700787" />
  <textstyle name="H127W0635TH00762" height="50" strokewidth="3" charwidth="25" />
  <textstyle name="H15W15TH02" height="59.0551181102362" strokewidth="7.8740157480315" charwidth="59.0551181102362" />
  <padstyle name="c190_h130" surface="False" plated="True" isvia="False" nopaste="True" nomask="True" complex="False" holesize="51.181102362204">
    <padshape layer="TOP" shape="round" width="74.803149606298" height="74.803149606298" />
    <padshape layer="TOP_SOLDER_MASK" shape="round" width="82.67716535433" height="82.67716535433" />
    <padshape layer="INNER" shape="round" width="74.803149606298" height="74.803149606298" />
    <padshape layer="BOTTOM" shape="round" width="74.803149606298" height="74.803149606298" />
    <padshape layer="BOTTOM_SOLDER_MASK" shape="round" width="82.67716535433" height="82.67716535433" />
  </padstyle>
  <padstyle name="c450_h300" surface="False" plated="True" isvia="False" nopaste="True" nomask="True" complex="False" holesize="118.11023622047">
    <padshape layer="TOP" shape="round" width="177.16535433071" height="177.16535433071" />
    <padshape layer="TOP_SOLDER_MASK" shape="round" width="185.03937007874" height="185.03937007874" />
    <padshape layer="INNER" shape="round" width="177.16535433071" height="177.16535433071" />
    <padshape layer="BOTTOM" shape="round" width="177.16535433071" height="177.16535433071" />
    <padshape layer="BOTTOM_SOLDER_MASK" shape="round" width="185.03937007874" height="185.03937007874" />
  </padstyle>
  <footprint name="M8S04PMMRSF8001" originx="0" originy="0" pickpointx="0" pickpointy="0">
    <pcbpin number="1" name="1" style="c190_h130" originx="0" originy="0" rotation="90" />
    <pcbpin number="2" name="2" style="c190_h130" originx="-24.606299212598" originy="-76.771653543306" rotation="90" />
    <pcbpin number="3" name="3" style="c190_h130" originx="-133.85826771653" originy="0" rotation="90" />
    <pcbpin number="4" name="4" style="c190_h130" originx="-109.25196850394" originy="-76.771653543306" rotation="90" />
    <pcbpin number="5" name="MH1" style="c450_h300" originx="-312.99212598425" originy="-19.685039370078" rotation="90" />
    <pcbpin number="6" name="MH2" style="c450_h300" originx="179.13385826771" originy="-19.685039370078" rotation="90" />
    <line layer="TOP_ASSEMBLY" originx="-318.89763779527" originy="99.999999999999" endx="185.03937007874" endy="99.999999999999" width="7.8740157480314" />
    <line layer="TOP_ASSEMBLY" originx="185.03937007874" originy="99.999999999999" endx="185.03937007874" endy="-748.03149606298" width="7.8740157480314" />
    <line layer="TOP_ASSEMBLY" originx="185.03937007874" originy="-748.03149606298" endx="-318.89763779527" endy="-748.03149606298" width="7.8740157480314" />
    <line layer="TOP_ASSEMBLY" originx="-318.89763779527" originy="-748.03149606298" endx="-318.89763779527" endy="99.999999999999" width="7.8740157480314" />
    <line layer="TOP_PLACE_BOUND" originx="-421.25984251968" originy="145.66929133858" endx="287.40157480315" endy="145.66929133858" width="3.9370078740157" />
    <line layer="TOP_PLACE_BOUND" originx="287.40157480315" originy="145.66929133858" endx="287.40157480315" endy="-767.71653543306" width="3.9370078740157" />
    <line layer="TOP_PLACE_BOUND" originx="287.40157480315" originy="-767.71653543306" endx="-421.25984251968" endy="-767.71653543306" width="3.9370078740157" />
    <line layer="TOP_PLACE_BOUND" originx="-421.25984251968" originy="-767.71653543306" endx="-421.25984251968" endy="145.66929133858" width="3.9370078740157" />
    <line layer="TOP_SILKSCREEN" originx="-3.9370078740157" originy="122.04724409449" endx="-3.9370078740157" endy="122.04724409449" width="7.8740157480314" />
    <arc layer="TOP_SILKSCREEN" originx="3.2782175923971E-15" originy="122.04724409449" startangle="180.0" sweepangle="180.0" radius="3.9370078740157" width="7.8740157480314" />
    <line layer="TOP_SILKSCREEN" originx="3.9370078740157" originy="122.04724409449" endx="3.9370078740157" endy="122.04724409449" width="7.8740157480314" />
    <arc layer="TOP_SILKSCREEN" originx="3.2782175923971E-15" originy="122.04724409449" startangle=".0" sweepangle="180.0" radius="3.9370078740157" width="7.8740157480314" />
    <line layer="TOP_SILKSCREEN" originx="-318.89763779527" originy="99.999999999999" endx="185.03937007874" endy="99.999999999999" width="3.9370078740157" />
    <line layer="TOP_SILKSCREEN" originx="-318.89763779527" originy="-137.79527559055" endx="-318.89763779527" endy="-748.03149606298" width="3.9370078740157" />
    <line layer="TOP_SILKSCREEN" originx="-318.89763779527" originy="-748.03149606298" endx="185.03937007874" endy="-748.03149606298" width="3.9370078740157" />
    <line layer="TOP_SILKSCREEN" originx="185.03937007874" originy="-748.03149606298" endx="185.03937007874" endy="-137.79527559055" width="3.9370078740157" />
  </footprint>
  <symbol name="M8S-04PMMR-SF8001" originx="0" originy="0">
    <line originx="200" originy="300" endx="800" endy="300" width="0" />
    <line originx="800" originy="-300" endx="800" endy="300" width="0" />
    <line originx="800" originy="-300" endx="200" endy="-300" width="0" />
    <line originx="200" originy="300" endx="200" endy="-300" width="0" />
    <sympin number="1" originx="500" originy="300" rotation="90" length="100" width="7.8740157480315" flipped="False">
      <text name="pinname" originx="500" originy="270" style="Default" rotation="0" justify="right" flipped="False" hidden="False" data="1" />
      <text name="pindes" originx="480" originy="360" style="Default" rotation="0" justify="lowerleft" flipped="False" hidden="False" data="1" />
    </sympin>
    <sympin number="2" originx="500" originy="-300" rotation="270" length="100" width="7.8740157480315" flipped="False">
      <text name="pinname" originx="500" originy="-270" style="Default" rotation="0" justify="left" flipped="False" hidden="False" data="2" />
      <text name="pindes" originx="480" originy="-360" style="Default" rotation="0" justify="lowerright" flipped="False" hidden="False" data="2" />
    </sympin>
    <sympin number="3" originx="400" originy="300" rotation="90" length="100" width="7.8740157480315" flipped="False">
      <text name="pinname" originx="400" originy="270" style="Default" rotation="0" justify="right" flipped="False" hidden="False" data="3" />
      <text name="pindes" originx="380" originy="360" style="Default" rotation="0" justify="lowerleft" flipped="False" hidden="False" data="3" />
    </sympin>
    <sympin number="4" originx="400" originy="-300" rotation="270" length="100" width="7.8740157480315" flipped="False">
      <text name="pinname" originx="400" originy="-270" style="Default" rotation="0" justify="left" flipped="False" hidden="False" data="4" />
      <text name="pindes" originx="380" originy="-360" style="Default" rotation="0" justify="lowerright" flipped="False" hidden="False" data="4" />
    </sympin>
    <sympin number="5" originx="200" originy="0" rotation="180" length="100" width="7.8740157480315" flipped="False">
      <text name="pinname" originx="230" originy="0" style="Default" rotation="0" justify="left" flipped="False" hidden="False" data="MH1" />
      <text name="pindes" originx="140" originy="20" style="Default" rotation="0" justify="lowerright" flipped="False" hidden="False" data="MH1" />
    </sympin>
    <sympin number="6" originx="800" originy="0" rotation="0" length="100" width="7.8740157480315" flipped="False">
      <text name="pinname" originx="770" originy="0" style="Default" rotation="0" justify="right" flipped="False" hidden="False" data="MH2" />
      <text name="pindes" originx="860" originy="20" style="Default" rotation="0" justify="lowerleft" flipped="False" hidden="False" data="MH2" />
    </sympin>
  </symbol>
  <component name="M8S-04PMMR-SF8001" designatorprefix="J" height="561.02362204724" footprint="M8S04PMMRSF8001">
    <comppin designator="1" sympin="1" pinswap="0" gateswap="0" gate="1" group="1" side="" type="Any" name="1" />
    <comppin designator="2" sympin="2" pinswap="0" gateswap="0" gate="1" group="1" side="" type="Any" name="2" />
    <comppin designator="3" sympin="3" pinswap="0" gateswap="0" gate="1" group="1" side="" type="Any" name="3" />
    <comppin designator="4" sympin="4" pinswap="0" gateswap="0" gate="1" group="1" side="" type="Any" name="4" />
    <comppin designator="MH1" sympin="5" pinswap="0" gateswap="0" gate="1" group="1" side="" type="Any" name="MH1" />
    <comppin designator="MH2" sympin="6" pinswap="0" gateswap="0" gate="1" group="1" side="" type="Any" name="MH2" />
    <attached_symbol gate="1" name="M8S-04PMMR-SF8001" />
    <pinmap designator="1" footprintpin="1" />
    <pinmap designator="2" footprintpin="2" />
    <pinmap designator="3" footprintpin="3" />
    <pinmap designator="4" footprintpin="4" />
    <pinmap designator="MH1" footprintpin="5" />
    <pinmap designator="MH2" footprintpin="6" />
    <text name="Datasheet" originx="0" originy="0" style="Default" rotation="0" justify="" flipped="False" hidden="True" data="http://uk.rs-online.com/web/p/products/1747631" />
    <text name="Description" originx="0" originy="0" style="Default" rotation="0" justify="" flipped="False" hidden="True" data="Circular Metric Connectors M8 PANEL R/A PCB 4P M CONN M PIN" />
    <text name="RS Part Number" originx="0" originy="0" style="Default" rotation="0" justify="" flipped="False" hidden="True" data="1747631" />
    <text name="RS Price/Stock" originx="0" originy="0" style="Default" rotation="0" justify="" flipped="False" hidden="True" data="http://uk.rs-online.com/web/p/products/1747631" />
    <text name="Manufacturer_Name" originx="0" originy="0" style="Default" rotation="0" justify="" flipped="False" hidden="True" data="Amphenol" />
    <text name="Manufacturer_Part_Number" originx="850" originy="400" style="Default" rotation="0" justify="left" flipped="False" hidden="False" data="M8S-04PMMR-SF8001" />
    <text name="Allied_Number" originx="0" originy="0" style="Default" rotation="0" justify="" flipped="False" hidden="True" data="70970693" />
  </component>
</quadcept_library>
