<?xml version="1.0" encoding="utf-8"?>
<!--/529601/55039/2.49/6/4/Connector/-->
<quadcept_library>
  <setting unit="mil" />
  <textstyle name="Default" height="47.244094488189" strokewidth="7.8740157480315" charwidth="47.244094488189" />
  <textstyle name="Dimension" height="19.6850393700787" strokewidth="0" charwidth="19.6850393700787" />
  <textstyle name="H127W0635TH00762" height="50" strokewidth="3" charwidth="25" />
  <textstyle name="H15W15TH02" height="59.0551181102362" strokewidth="7.8740157480315" charwidth="59.0551181102362" />
  <padstyle name="c180_h120" surface="False" plated="True" isvia="False" nopaste="True" nomask="True" complex="False" holesize="47.244094488188">
    <padshape layer="TOP" shape="round" width="70.866141732283" height="70.866141732283" />
    <padshape layer="TOP_SOLDER_MASK" shape="round" width="78.740157480314" height="78.740157480314" />
    <padshape layer="INNER" shape="round" width="70.866141732283" height="70.866141732283" />
    <padshape layer="BOTTOM" shape="round" width="70.866141732283" height="70.866141732283" />
    <padshape layer="BOTTOM_SOLDER_MASK" shape="round" width="78.740157480314" height="78.740157480314" />
  </padstyle>
  <footprint name="1770898" originx="0" originy="0" pickpointx="0" pickpointy="0">
    <pcbpin number="1" name="1" style="c180_h120" originx="0" originy="0" rotation="90" />
    <pcbpin number="2" name="2" style="c180_h120" originx="0" originy="196.85039370078" rotation="90" />
    <pcbpin number="3" name="3" style="c180_h120" originx="98.425196850392" originy="0" rotation="90" />
    <pcbpin number="4" name="4" style="c180_h120" originx="98.425196850392" originy="196.85039370078" rotation="90" />
    <pcbpin number="5" name="5" style="c180_h120" originx="196.85039370078" originy="0" rotation="90" />
    <pcbpin number="6" name="6" style="c180_h120" originx="196.85039370078" originy="196.85039370078" rotation="90" />
    <line layer="TOP_ASSEMBLY" originx="-98.425196850392" originy="283.46456692913" endx="216.53543307086" endy="283.46456692913" width="7.8740157480314" />
    <line layer="TOP_ASSEMBLY" originx="216.53543307086" originy="283.46456692913" endx="216.53543307086" endy="-110.23622047244" width="7.8740157480314" />
    <line layer="TOP_ASSEMBLY" originx="216.53543307086" originy="-110.23622047244" endx="-98.425196850392" endy="-110.23622047244" width="7.8740157480314" />
    <line layer="TOP_ASSEMBLY" originx="-98.425196850392" originy="-110.23622047244" endx="-98.425196850392" endy="283.46456692913" width="7.8740157480314" />
    <line layer="TOP_PLACE_BOUND" originx="-137.79527559055" originy="322.83464566929" endx="271.65354330708" endy="322.83464566929" width="3.9370078740157" />
    <line layer="TOP_PLACE_BOUND" originx="271.65354330708" originy="322.83464566929" endx="271.65354330708" endy="-149.6062992126" width="3.9370078740157" />
    <line layer="TOP_PLACE_BOUND" originx="271.65354330708" originy="-149.6062992126" endx="-137.79527559055" endy="-149.6062992126" width="3.9370078740157" />
    <line layer="TOP_PLACE_BOUND" originx="-137.79527559055" originy="-149.6062992126" endx="-137.79527559055" endy="322.83464566929" width="3.9370078740157" />
    <line layer="TOP_SILKSCREEN" originx="216.53543307086" originy="283.46456692913" endx="-98.425196850392" endy="283.46456692913" width="3.9370078740157" />
    <line layer="TOP_SILKSCREEN" originx="-98.425196850392" originy="283.46456692913" endx="-98.425196850392" endy="-98.425196850392" width="3.9370078740157" />
    <line layer="TOP_SILKSCREEN" originx="-98.425196850392" originy="-98.425196850392" endx="-98.425196850392" endy="-110.23622047244" width="3.9370078740157" />
    <line layer="TOP_SILKSCREEN" originx="-98.425196850392" originy="-110.23622047244" endx="216.53543307086" endy="-110.23622047244" width="3.9370078740157" />
  </footprint>
  <symbol name="1770898" originx="0" originy="0">
    <line originx="200" originy="100" endx="600" endy="100" width="0" />
    <line originx="600" originy="-300" endx="600" endy="100" width="0" />
    <line originx="600" originy="-300" endx="200" endy="-300" width="0" />
    <line originx="200" originy="100" endx="200" endy="-300" width="0" />
    <sympin number="1" originx="200" originy="0" rotation="180" length="100" width="7.8740157480315" flipped="False">
      <text name="pinname" originx="230" originy="0" style="Default" rotation="0" justify="left" flipped="False" hidden="False" data="1" />
      <text name="pindes" originx="140" originy="20" style="Default" rotation="0" justify="lowerright" flipped="False" hidden="False" data="1" />
    </sympin>
    <sympin number="2" originx="600" originy="0" rotation="0" length="100" width="7.8740157480315" flipped="False">
      <text name="pinname" originx="570" originy="0" style="Default" rotation="0" justify="right" flipped="False" hidden="False" data="2" />
      <text name="pindes" originx="660" originy="20" style="Default" rotation="0" justify="lowerleft" flipped="False" hidden="False" data="2" />
    </sympin>
    <sympin number="3" originx="200" originy="-100" rotation="180" length="100" width="7.8740157480315" flipped="False">
      <text name="pinname" originx="230" originy="-100" style="Default" rotation="0" justify="left" flipped="False" hidden="False" data="3" />
      <text name="pindes" originx="140" originy="-80" style="Default" rotation="0" justify="lowerright" flipped="False" hidden="False" data="3" />
    </sympin>
    <sympin number="4" originx="600" originy="-100" rotation="0" length="100" width="7.8740157480315" flipped="False">
      <text name="pinname" originx="570" originy="-100" style="Default" rotation="0" justify="right" flipped="False" hidden="False" data="4" />
      <text name="pindes" originx="660" originy="-80" style="Default" rotation="0" justify="lowerleft" flipped="False" hidden="False" data="4" />
    </sympin>
    <sympin number="5" originx="200" originy="-200" rotation="180" length="100" width="7.8740157480315" flipped="False">
      <text name="pinname" originx="230" originy="-200" style="Default" rotation="0" justify="left" flipped="False" hidden="False" data="5" />
      <text name="pindes" originx="140" originy="-180" style="Default" rotation="0" justify="lowerright" flipped="False" hidden="False" data="5" />
    </sympin>
    <sympin number="6" originx="600" originy="-200" rotation="0" length="100" width="7.8740157480315" flipped="False">
      <text name="pinname" originx="570" originy="-200" style="Default" rotation="0" justify="right" flipped="False" hidden="False" data="6" />
      <text name="pindes" originx="660" originy="-180" style="Default" rotation="0" justify="lowerleft" flipped="False" hidden="False" data="6" />
    </sympin>
  </symbol>
  <component name="1770898" designatorprefix="J" height="200.7874015748" footprint="1770898">
    <comppin designator="1" sympin="1" pinswap="0" gateswap="0" gate="1" group="1" side="" type="Any" name="1" />
    <comppin designator="2" sympin="2" pinswap="0" gateswap="0" gate="1" group="1" side="" type="Any" name="2" />
    <comppin designator="3" sympin="3" pinswap="0" gateswap="0" gate="1" group="1" side="" type="Any" name="3" />
    <comppin designator="4" sympin="4" pinswap="0" gateswap="0" gate="1" group="1" side="" type="Any" name="4" />
    <comppin designator="5" sympin="5" pinswap="0" gateswap="0" gate="1" group="1" side="" type="Any" name="5" />
    <comppin designator="6" sympin="6" pinswap="0" gateswap="0" gate="1" group="1" side="" type="Any" name="6" />
    <attached_symbol gate="1" name="1770898" />
    <pinmap designator="1" footprintpin="1" />
    <pinmap designator="2" footprintpin="2" />
    <pinmap designator="3" footprintpin="3" />
    <pinmap designator="4" footprintpin="4" />
    <pinmap designator="5" footprintpin="5" />
    <pinmap designator="6" footprintpin="6" />
    <text name="Datasheet" originx="0" originy="0" style="Default" rotation="0" justify="" flipped="False" hidden="True" data="http://uk.rs-online.com/web/p/products/7124579" />
    <text name="Description" originx="0" originy="0" style="Default" rotation="0" justify="" flipped="False" hidden="True" data="Phoenix Contact COMBICON PTSM Series 2.5mm Pitch Straight PCB Terminal Block with Spring Cage Termination, Through Hole" />
    <text name="RS Part Number" originx="0" originy="0" style="Default" rotation="0" justify="" flipped="False" hidden="True" data="7124579" />
    <text name="RS Price/Stock" originx="0" originy="0" style="Default" rotation="0" justify="" flipped="False" hidden="True" data="http://uk.rs-online.com/web/p/products/7124579" />
    <text name="Manufacturer_Name" originx="0" originy="0" style="Default" rotation="0" justify="" flipped="False" hidden="True" data="Phoenix Contact" />
    <text name="Manufacturer_Part_Number" originx="650" originy="200" style="Default" rotation="0" justify="left" flipped="False" hidden="False" data="1770898" />
    <text name="Allied_Number" originx="0" originy="0" style="Default" rotation="0" justify="" flipped="False" hidden="True" data="70170416" />
  </component>
</quadcept_library>
