<?xml version="1.0" encoding="utf-8"?>
<!--/252359/55039/2.49/10/3/Connector/-->
<quadcept_library>
  <setting unit="mil" />
  <textstyle name="Default" height="47.244094488189" strokewidth="7.8740157480315" charwidth="47.244094488189" />
  <textstyle name="Dimension" height="19.6850393700787" strokewidth="0" charwidth="19.6850393700787" />
  <textstyle name="H127W0635TH00762" height="50" strokewidth="3" charwidth="25" />
  <textstyle name="H15W15TH02" height="59.0551181102362" strokewidth="7.8740157480315" charwidth="59.0551181102362" />
  <padstyle name="c165_h110" surface="False" plated="True" isvia="False" nopaste="True" nomask="True" complex="False" holesize="43.307086614173">
    <padshape layer="TOP" shape="round" width="64.960629921259" height="64.960629921259" />
    <padshape layer="TOP_SOLDER_MASK" shape="round" width="72.83464566929" height="72.83464566929" />
    <padshape layer="INNER" shape="round" width="64.960629921259" height="64.960629921259" />
    <padshape layer="BOTTOM" shape="round" width="64.960629921259" height="64.960629921259" />
    <padshape layer="BOTTOM_SOLDER_MASK" shape="round" width="72.83464566929" height="72.83464566929" />
  </padstyle>
  <padstyle name="s165_h110" surface="False" plated="True" isvia="False" nopaste="True" nomask="True" complex="False" holesize="43.307086614173">
    <padshape layer="TOP" shape="square" width="64.960629921259" height="64.960629921259" />
    <padshape layer="TOP_SOLDER_MASK" shape="square" width="72.83464566929" height="72.83464566929" />
    <padshape layer="INNER" shape="round" width="64.960629921259" height="64.960629921259" />
    <padshape layer="BOTTOM" shape="square" width="64.960629921259" height="64.960629921259" />
    <padshape layer="BOTTOM_SOLDER_MASK" shape="square" width="72.83464566929" height="72.83464566929" />
  </padstyle>
  <footprint name="SHDR10W64P254_2X5_2036X885X925P" originx="0" originy="0" pickpointx="0" pickpointy="0">
    <pcbpin number="1" name="1" style="s165_h110" originx="0" originy="0" rotation="90" />
    <pcbpin number="2" name="2" style="c165_h110" originx="0" originy="99.999999999999" rotation="90" />
    <pcbpin number="3" name="3" style="c165_h110" originx="99.999999999999" originy="0" rotation="90" />
    <pcbpin number="4" name="4" style="c165_h110" originx="99.999999999999" originy="99.999999999999" rotation="90" />
    <pcbpin number="5" name="5" style="c165_h110" originx="200" originy="0" rotation="90" />
    <pcbpin number="6" name="6" style="c165_h110" originx="200" originy="99.999999999999" rotation="90" />
    <pcbpin number="7" name="7" style="c165_h110" originx="300" originy="0" rotation="90" />
    <pcbpin number="8" name="8" style="c165_h110" originx="300" originy="99.999999999999" rotation="90" />
    <pcbpin number="9" name="9" style="c165_h110" originx="400" originy="0" rotation="90" />
    <pcbpin number="10" name="10" style="c165_h110" originx="400" originy="99.999999999999" rotation="90" />
    <line layer="TOP_PLACE_BOUND" originx="-210.62992125984" originy="-134.05511811023" endx="-210.62992125984" endy="239.96062992126" width="1.9685039370079" />
    <line layer="TOP_PLACE_BOUND" originx="-210.62992125984" originy="239.96062992126" endx="616.53543307086" endy="239.96062992126" width="1.9685039370079" />
    <line layer="TOP_PLACE_BOUND" originx="616.53543307086" originy="239.96062992126" endx="616.53543307086" endy="-134.05511811023" width="1.9685039370079" />
    <line layer="TOP_PLACE_BOUND" originx="616.53543307086" originy="-134.05511811023" endx="-210.62992125984" endy="-134.05511811023" width="1.9685039370079" />
    <line layer="TOP_ASSEMBLY" originx="-200.7874015748" originy="-124.2125984252" endx="-200.7874015748" endy="230.11811023622" width="3.9370078740157" />
    <line layer="TOP_ASSEMBLY" originx="-200.7874015748" originy="230.11811023622" endx="606.69291338582" endy="230.11811023622" width="3.9370078740157" />
    <line layer="TOP_ASSEMBLY" originx="606.69291338582" originy="230.11811023622" endx="606.69291338582" endy="-124.2125984252" width="3.9370078740157" />
    <line layer="TOP_ASSEMBLY" originx="606.69291338582" originy="-124.2125984252" endx="-200.7874015748" endy="-124.2125984252" width="3.9370078740157" />
    <line layer="TOP_SILKSCREEN" originx="0" originy="-124.2125984252" endx="606.69291338582" endy="-124.2125984252" width="7.8740157480314" />
    <line layer="TOP_SILKSCREEN" originx="606.69291338582" originy="-124.2125984252" endx="606.69291338582" endy="230.11811023622" width="7.8740157480314" />
    <line layer="TOP_SILKSCREEN" originx="606.69291338582" originy="230.11811023622" endx="-200.7874015748" endy="230.11811023622" width="7.8740157480314" />
    <line layer="TOP_SILKSCREEN" originx="-200.7874015748" originy="230.11811023622" endx="-200.7874015748" endy="0" width="7.8740157480314" />
  </footprint>
  <symbol name="61201021621" originx="0" originy="0">
    <line originx="200" originy="100" endx="700" endy="100" width="0" />
    <line originx="700" originy="-500" endx="700" endy="100" width="0" />
    <line originx="700" originy="-500" endx="200" endy="-500" width="0" />
    <line originx="200" originy="100" endx="200" endy="-500" width="0" />
    <sympin number="1" originx="200" originy="0" rotation="180" length="100" width="7.8740157480315" flipped="False">
      <text name="pinname" originx="230" originy="0" style="Default" rotation="0" justify="left" flipped="False" hidden="False" data="1" />
      <text name="pindes" originx="140" originy="20" style="Default" rotation="0" justify="lowerright" flipped="False" hidden="False" data="1" />
    </sympin>
    <sympin number="3" originx="200" originy="-100" rotation="180" length="100" width="7.8740157480315" flipped="False">
      <text name="pinname" originx="230" originy="-100" style="Default" rotation="0" justify="left" flipped="False" hidden="False" data="3" />
      <text name="pindes" originx="140" originy="-80" style="Default" rotation="0" justify="lowerright" flipped="False" hidden="False" data="3" />
    </sympin>
    <sympin number="5" originx="200" originy="-200" rotation="180" length="100" width="7.8740157480315" flipped="False">
      <text name="pinname" originx="230" originy="-200" style="Default" rotation="0" justify="left" flipped="False" hidden="False" data="5" />
      <text name="pindes" originx="140" originy="-180" style="Default" rotation="0" justify="lowerright" flipped="False" hidden="False" data="5" />
    </sympin>
    <sympin number="7" originx="200" originy="-300" rotation="180" length="100" width="7.8740157480315" flipped="False">
      <text name="pinname" originx="230" originy="-300" style="Default" rotation="0" justify="left" flipped="False" hidden="False" data="7" />
      <text name="pindes" originx="140" originy="-280" style="Default" rotation="0" justify="lowerright" flipped="False" hidden="False" data="7" />
    </sympin>
    <sympin number="9" originx="200" originy="-400" rotation="180" length="100" width="7.8740157480315" flipped="False">
      <text name="pinname" originx="230" originy="-400" style="Default" rotation="0" justify="left" flipped="False" hidden="False" data="9" />
      <text name="pindes" originx="140" originy="-380" style="Default" rotation="0" justify="lowerright" flipped="False" hidden="False" data="9" />
    </sympin>
    <sympin number="2" originx="700" originy="0" rotation="0" length="100" width="7.8740157480315" flipped="False">
      <text name="pinname" originx="670" originy="0" style="Default" rotation="0" justify="right" flipped="False" hidden="False" data="2" />
      <text name="pindes" originx="760" originy="20" style="Default" rotation="0" justify="lowerleft" flipped="False" hidden="False" data="2" />
    </sympin>
    <sympin number="4" originx="700" originy="-100" rotation="0" length="100" width="7.8740157480315" flipped="False">
      <text name="pinname" originx="670" originy="-100" style="Default" rotation="0" justify="right" flipped="False" hidden="False" data="4" />
      <text name="pindes" originx="760" originy="-80" style="Default" rotation="0" justify="lowerleft" flipped="False" hidden="False" data="4" />
    </sympin>
    <sympin number="6" originx="700" originy="-200" rotation="0" length="100" width="7.8740157480315" flipped="False">
      <text name="pinname" originx="670" originy="-200" style="Default" rotation="0" justify="right" flipped="False" hidden="False" data="6" />
      <text name="pindes" originx="760" originy="-180" style="Default" rotation="0" justify="lowerleft" flipped="False" hidden="False" data="6" />
    </sympin>
    <sympin number="8" originx="700" originy="-300" rotation="0" length="100" width="7.8740157480315" flipped="False">
      <text name="pinname" originx="670" originy="-300" style="Default" rotation="0" justify="right" flipped="False" hidden="False" data="8" />
      <text name="pindes" originx="760" originy="-280" style="Default" rotation="0" justify="lowerleft" flipped="False" hidden="False" data="8" />
    </sympin>
    <sympin number="10" originx="700" originy="-400" rotation="0" length="100" width="7.8740157480315" flipped="False">
      <text name="pinname" originx="670" originy="-400" style="Default" rotation="0" justify="right" flipped="False" hidden="False" data="10" />
      <text name="pindes" originx="760" originy="-380" style="Default" rotation="0" justify="lowerleft" flipped="False" hidden="False" data="10" />
    </sympin>
  </symbol>
  <component name="61201021621" designatorprefix="J" height="364.17322834645" footprint="SHDR10W64P254_2X5_2036X885X925P">
    <comppin designator="1" sympin="1" pinswap="0" gateswap="0" gate="1" group="1" side="" type="Any" name="1" />
    <comppin designator="2" sympin="2" pinswap="0" gateswap="0" gate="1" group="1" side="" type="Any" name="2" />
    <comppin designator="3" sympin="3" pinswap="0" gateswap="0" gate="1" group="1" side="" type="Any" name="3" />
    <comppin designator="4" sympin="4" pinswap="0" gateswap="0" gate="1" group="1" side="" type="Any" name="4" />
    <comppin designator="5" sympin="5" pinswap="0" gateswap="0" gate="1" group="1" side="" type="Any" name="5" />
    <comppin designator="6" sympin="6" pinswap="0" gateswap="0" gate="1" group="1" side="" type="Any" name="6" />
    <comppin designator="7" sympin="7" pinswap="0" gateswap="0" gate="1" group="1" side="" type="Any" name="7" />
    <comppin designator="8" sympin="8" pinswap="0" gateswap="0" gate="1" group="1" side="" type="Any" name="8" />
    <comppin designator="9" sympin="9" pinswap="0" gateswap="0" gate="1" group="1" side="" type="Any" name="9" />
    <comppin designator="10" sympin="10" pinswap="0" gateswap="0" gate="1" group="1" side="" type="Any" name="10" />
    <attached_symbol gate="1" name="61201021621" />
    <pinmap designator="1" footprintpin="1" />
    <pinmap designator="2" footprintpin="2" />
    <pinmap designator="3" footprintpin="3" />
    <pinmap designator="4" footprintpin="4" />
    <pinmap designator="5" footprintpin="5" />
    <pinmap designator="6" footprintpin="6" />
    <pinmap designator="7" footprintpin="7" />
    <pinmap designator="8" footprintpin="8" />
    <pinmap designator="9" footprintpin="9" />
    <pinmap designator="10" footprintpin="10" />
    <text name="Datasheet" originx="0" originy="0" style="Default" rotation="0" justify="" flipped="False" hidden="True" data="http://uk.rs-online.com/web/p/products/7718354" />
    <text name="Description" originx="0" originy="0" style="Default" rotation="0" justify="" flipped="False" hidden="True" data="10 way 2.54mm male box Header Wurth Elektronik 612 Series, 2.54mm Pitch 10 Way 2 Row Straight PCB Header, Solder Termination, 3A" />
    <text name="RS Part Number" originx="0" originy="0" style="Default" rotation="0" justify="" flipped="False" hidden="True" data="7718354" />
    <text name="RS Price/Stock" originx="0" originy="0" style="Default" rotation="0" justify="" flipped="False" hidden="True" data="http://uk.rs-online.com/web/p/products/7718354" />
    <text name="Manufacturer_Name" originx="0" originy="0" style="Default" rotation="0" justify="" flipped="False" hidden="True" data="Wurth Elektronik" />
    <text name="Manufacturer_Part_Number" originx="750" originy="200" style="Default" rotation="0" justify="left" flipped="False" hidden="False" data="61201021621" />
  </component>
</quadcept_library>
