<?xml version="1.0" encoding="utf-8"?>
<!--/729839/55039/2.49/14/3/Integrated Circuit/-->
<quadcept_library>
  <setting unit="mil" />
  <textstyle name="Default" height="47.244094488189" strokewidth="7.8740157480315" charwidth="47.244094488189" />
  <textstyle name="Dimension" height="19.6850393700787" strokewidth="0" charwidth="19.6850393700787" />
  <textstyle name="H127W0635TH00762" height="50" strokewidth="3" charwidth="25" />
  <textstyle name="H15W15TH02" height="59.0551181102362" strokewidth="7.8740157480315" charwidth="59.0551181102362" />
  <padstyle name="r150_65" surface="True" plated="False" isvia="False" nopaste="False" nomask="True" complex="False" holesize="0">
    <padshape layer="TOP" shape="rectangle" width="25.590551181102" height="59.055118110235" />
    <padshape layer="TOP_SOLDER_MASK" shape="rectangle" width="33.464566929133" height="66.929133858267" />
    <padshape layer="TOP_SOLDER_PASTE" shape="rectangle" width="25.590551181102" height="59.055118110235" />
  </padstyle>
  <footprint name="SOIC127P600X175-14N" originx="0" originy="0" pickpointx="0" pickpointy="0">
    <pcbpin number="1" name="1" style="r150_65" originx="-106.29921259842" originy="150" rotation="90" />
    <pcbpin number="2" name="2" style="r150_65" originx="-106.29921259842" originy="99.999999999999" rotation="90" />
    <pcbpin number="3" name="3" style="r150_65" originx="-106.29921259842" originy="49.999999999999" rotation="90" />
    <pcbpin number="4" name="4" style="r150_65" originx="-106.29921259842" originy="0" rotation="90" />
    <pcbpin number="5" name="5" style="r150_65" originx="-106.29921259842" originy="-49.999999999999" rotation="90" />
    <pcbpin number="6" name="6" style="r150_65" originx="-106.29921259842" originy="-99.999999999999" rotation="90" />
    <pcbpin number="7" name="7" style="r150_65" originx="-106.29921259842" originy="-150" rotation="90" />
    <pcbpin number="8" name="8" style="r150_65" originx="106.29921259842" originy="-150" rotation="90" />
    <pcbpin number="9" name="9" style="r150_65" originx="106.29921259842" originy="-99.999999999999" rotation="90" />
    <pcbpin number="10" name="10" style="r150_65" originx="106.29921259842" originy="-49.999999999999" rotation="90" />
    <pcbpin number="11" name="11" style="r150_65" originx="106.29921259842" originy="0" rotation="90" />
    <pcbpin number="12" name="12" style="r150_65" originx="106.29921259842" originy="49.999999999999" rotation="90" />
    <pcbpin number="13" name="13" style="r150_65" originx="106.29921259842" originy="99.999999999999" rotation="90" />
    <pcbpin number="14" name="14" style="r150_65" originx="106.29921259842" originy="150" rotation="90" />
    <line layer="TOP_PLACE_BOUND" originx="-145.66929133858" originy="180.11811023622" endx="145.66929133858" endy="180.11811023622" width="1.9685039370079" />
    <line layer="TOP_PLACE_BOUND" originx="145.66929133858" originy="180.11811023622" endx="145.66929133858" endy="-180.11811023622" width="1.9685039370079" />
    <line layer="TOP_PLACE_BOUND" originx="145.66929133858" originy="-180.11811023622" endx="-145.66929133858" endy="-180.11811023622" width="1.9685039370079" />
    <line layer="TOP_PLACE_BOUND" originx="-145.66929133858" originy="-180.11811023622" endx="-145.66929133858" endy="180.11811023622" width="1.9685039370079" />
    <line layer="TOP_ASSEMBLY" originx="-76.771653543306" originy="170.27559055118" endx="76.771653543306" endy="170.27559055118" width="3.9370078740157" />
    <line layer="TOP_ASSEMBLY" originx="76.771653543306" originy="170.27559055118" endx="76.771653543306" endy="-170.27559055118" width="3.9370078740157" />
    <line layer="TOP_ASSEMBLY" originx="76.771653543306" originy="-170.27559055118" endx="-76.771653543306" endy="-170.27559055118" width="3.9370078740157" />
    <line layer="TOP_ASSEMBLY" originx="-76.771653543306" originy="-170.27559055118" endx="-76.771653543306" endy="170.27559055118" width="3.9370078740157" />
    <line layer="TOP_ASSEMBLY" originx="-76.771653543306" originy="120.27559055118" endx="-26.771653543307" endy="170.27559055118" width="3.9370078740157" />
    <line layer="TOP_SILKSCREEN" originx="-62.992125984251" originy="170.27559055118" endx="62.992125984251" endy="170.27559055118" width="7.8740157480314" />
    <line layer="TOP_SILKSCREEN" originx="62.992125984251" originy="170.27559055118" endx="62.992125984251" endy="-170.27559055118" width="7.8740157480314" />
    <line layer="TOP_SILKSCREEN" originx="62.992125984251" originy="-170.27559055118" endx="-62.992125984251" endy="-170.27559055118" width="7.8740157480314" />
    <line layer="TOP_SILKSCREEN" originx="-62.992125984251" originy="-170.27559055118" endx="-62.992125984251" endy="170.27559055118" width="7.8740157480314" />
    <line layer="TOP_SILKSCREEN" originx="-135.82677165354" originy="176.5748031496" endx="-76.771653543306" endy="176.5748031496" width="7.8740157480314" />
  </footprint>
  <symbol name="PIC16F15323T-I_SL" originx="0" originy="0">
    <line originx="200" originy="100" endx="1700" endy="100" width="0" />
    <line originx="1700" originy="-700" endx="1700" endy="100" width="0" />
    <line originx="1700" originy="-700" endx="200" endy="-700" width="0" />
    <line originx="200" originy="100" endx="200" endy="-700" width="0" />
    <sympin number="1" originx="200" originy="0" rotation="180" length="100" width="7.8740157480315" flipped="False">
      <text name="pinname" originx="230" originy="0" style="Default" rotation="0" justify="left" flipped="False" hidden="False" data="VDD" />
      <text name="pindes" originx="140" originy="20" style="Default" rotation="0" justify="lowerright" flipped="False" hidden="False" data="1" />
    </sympin>
    <sympin number="2" originx="200" originy="-100" rotation="180" length="100" width="7.8740157480315" flipped="False">
      <text name="pinname" originx="230" originy="-100" style="Default" rotation="0" justify="left" flipped="False" hidden="False" data="RA5" />
      <text name="pindes" originx="140" originy="-80" style="Default" rotation="0" justify="lowerright" flipped="False" hidden="False" data="2" />
    </sympin>
    <sympin number="3" originx="200" originy="-200" rotation="180" length="100" width="7.8740157480315" flipped="False">
      <text name="pinname" originx="230" originy="-200" style="Default" rotation="0" justify="left" flipped="False" hidden="False" data="RA4" />
      <text name="pindes" originx="140" originy="-180" style="Default" rotation="0" justify="lowerright" flipped="False" hidden="False" data="3" />
    </sympin>
    <sympin number="4" originx="200" originy="-300" rotation="180" length="100" width="7.8740157480315" flipped="False">
      <text name="pinname" originx="230" originy="-300" style="Default" rotation="0" justify="left" flipped="False" hidden="False" data="VPP/\MCLR\/RA3" />
      <text name="pindes" originx="140" originy="-280" style="Default" rotation="0" justify="lowerright" flipped="False" hidden="False" data="4" />
    </sympin>
    <sympin number="5" originx="200" originy="-400" rotation="180" length="100" width="7.8740157480315" flipped="False">
      <text name="pinname" originx="230" originy="-400" style="Default" rotation="0" justify="left" flipped="False" hidden="False" data="RC5" />
      <text name="pindes" originx="140" originy="-380" style="Default" rotation="0" justify="lowerright" flipped="False" hidden="False" data="5" />
    </sympin>
    <sympin number="6" originx="200" originy="-500" rotation="180" length="100" width="7.8740157480315" flipped="False">
      <text name="pinname" originx="230" originy="-500" style="Default" rotation="0" justify="left" flipped="False" hidden="False" data="RC4" />
      <text name="pindes" originx="140" originy="-480" style="Default" rotation="0" justify="lowerright" flipped="False" hidden="False" data="6" />
    </sympin>
    <sympin number="7" originx="200" originy="-600" rotation="180" length="100" width="7.8740157480315" flipped="False">
      <text name="pinname" originx="230" originy="-600" style="Default" rotation="0" justify="left" flipped="False" hidden="False" data="RC3" />
      <text name="pindes" originx="140" originy="-580" style="Default" rotation="0" justify="lowerright" flipped="False" hidden="False" data="7" />
    </sympin>
    <sympin number="14" originx="1700" originy="0" rotation="0" length="100" width="7.8740157480315" flipped="False">
      <text name="pinname" originx="1670" originy="0" style="Default" rotation="0" justify="right" flipped="False" hidden="False" data="VSS" />
      <text name="pindes" originx="1760" originy="20" style="Default" rotation="0" justify="lowerleft" flipped="False" hidden="False" data="14" />
    </sympin>
    <sympin number="13" originx="1700" originy="-100" rotation="0" length="100" width="7.8740157480315" flipped="False">
      <text name="pinname" originx="1670" originy="-100" style="Default" rotation="0" justify="right" flipped="False" hidden="False" data="RA0/ICSPDAT" />
      <text name="pindes" originx="1760" originy="-80" style="Default" rotation="0" justify="lowerleft" flipped="False" hidden="False" data="13" />
    </sympin>
    <sympin number="12" originx="1700" originy="-200" rotation="0" length="100" width="7.8740157480315" flipped="False">
      <text name="pinname" originx="1670" originy="-200" style="Default" rotation="0" justify="right" flipped="False" hidden="False" data="RA1/ICSPCLK" />
      <text name="pindes" originx="1760" originy="-180" style="Default" rotation="0" justify="lowerleft" flipped="False" hidden="False" data="12" />
    </sympin>
    <sympin number="11" originx="1700" originy="-300" rotation="0" length="100" width="7.8740157480315" flipped="False">
      <text name="pinname" originx="1670" originy="-300" style="Default" rotation="0" justify="right" flipped="False" hidden="False" data="RA2" />
      <text name="pindes" originx="1760" originy="-280" style="Default" rotation="0" justify="lowerleft" flipped="False" hidden="False" data="11" />
    </sympin>
    <sympin number="10" originx="1700" originy="-400" rotation="0" length="100" width="7.8740157480315" flipped="False">
      <text name="pinname" originx="1670" originy="-400" style="Default" rotation="0" justify="right" flipped="False" hidden="False" data="RC0" />
      <text name="pindes" originx="1760" originy="-380" style="Default" rotation="0" justify="lowerleft" flipped="False" hidden="False" data="10" />
    </sympin>
    <sympin number="9" originx="1700" originy="-500" rotation="0" length="100" width="7.8740157480315" flipped="False">
      <text name="pinname" originx="1670" originy="-500" style="Default" rotation="0" justify="right" flipped="False" hidden="False" data="RC1" />
      <text name="pindes" originx="1760" originy="-480" style="Default" rotation="0" justify="lowerleft" flipped="False" hidden="False" data="9" />
    </sympin>
    <sympin number="8" originx="1700" originy="-600" rotation="0" length="100" width="7.8740157480315" flipped="False">
      <text name="pinname" originx="1670" originy="-600" style="Default" rotation="0" justify="right" flipped="False" hidden="False" data="RC2" />
      <text name="pindes" originx="1760" originy="-580" style="Default" rotation="0" justify="lowerleft" flipped="False" hidden="False" data="8" />
    </sympin>
  </symbol>
  <component name="PIC16F15323T-I_SL" designatorprefix="IC" height="68.897637795275" footprint="SOIC127P600X175-14N">
    <comppin designator="1" sympin="1" pinswap="0" gateswap="0" gate="1" group="1" side="" type="Any" name="VDD" />
    <comppin designator="2" sympin="2" pinswap="0" gateswap="0" gate="1" group="1" side="" type="Any" name="RA5" />
    <comppin designator="3" sympin="3" pinswap="0" gateswap="0" gate="1" group="1" side="" type="Any" name="RA4" />
    <comppin designator="4" sympin="4" pinswap="0" gateswap="0" gate="1" group="1" side="" type="Any" name="VPP/|MCLR|/RA3" />
    <comppin designator="5" sympin="5" pinswap="0" gateswap="0" gate="1" group="1" side="" type="Any" name="RC5" />
    <comppin designator="6" sympin="6" pinswap="0" gateswap="0" gate="1" group="1" side="" type="Any" name="RC4" />
    <comppin designator="7" sympin="7" pinswap="0" gateswap="0" gate="1" group="1" side="" type="Any" name="RC3" />
    <comppin designator="8" sympin="8" pinswap="0" gateswap="0" gate="1" group="1" side="" type="Any" name="RC2" />
    <comppin designator="9" sympin="9" pinswap="0" gateswap="0" gate="1" group="1" side="" type="Any" name="RC1" />
    <comppin designator="10" sympin="10" pinswap="0" gateswap="0" gate="1" group="1" side="" type="Any" name="RC0" />
    <comppin designator="11" sympin="11" pinswap="0" gateswap="0" gate="1" group="1" side="" type="Any" name="RA2" />
    <comppin designator="12" sympin="12" pinswap="0" gateswap="0" gate="1" group="1" side="" type="Any" name="RA1/ICSPCLK" />
    <comppin designator="13" sympin="13" pinswap="0" gateswap="0" gate="1" group="1" side="" type="Any" name="RA0/ICSPDAT" />
    <comppin designator="14" sympin="14" pinswap="0" gateswap="0" gate="1" group="1" side="" type="Any" name="VSS" />
    <attached_symbol gate="1" name="PIC16F15323T-I_SL" />
    <pinmap designator="1" footprintpin="1" />
    <pinmap designator="2" footprintpin="2" />
    <pinmap designator="3" footprintpin="3" />
    <pinmap designator="4" footprintpin="4" />
    <pinmap designator="5" footprintpin="5" />
    <pinmap designator="6" footprintpin="6" />
    <pinmap designator="7" footprintpin="7" />
    <pinmap designator="8" footprintpin="8" />
    <pinmap designator="9" footprintpin="9" />
    <pinmap designator="10" footprintpin="10" />
    <pinmap designator="11" footprintpin="11" />
    <pinmap designator="12" footprintpin="12" />
    <pinmap designator="13" footprintpin="13" />
    <pinmap designator="14" footprintpin="14" />
    <text name="Datasheet" originx="0" originy="0" style="Default" rotation="0" justify="" flipped="False" hidden="True" data="http://ww1.microchip.com/downloads/en/DeviceDoc/40001897A.pdf" />
    <text name="Description" originx="0" originy="0" style="Default" rotation="0" justify="" flipped="False" hidden="True" data="8-bit Microcontrollers - MCU 3.5KB, 256B RAM, 4xPWMs, Comparator, DAC, ADC, 4xCLC, CWG, EUSART, SPI/I2C" />
    <text name="RS Part Number" originx="0" originy="0" style="Default" rotation="0" justify="" flipped="False" hidden="True" data="" />
    <text name="RS Price/Stock" originx="0" originy="0" style="Default" rotation="0" justify="" flipped="False" hidden="True" data="" />
    <text name="Manufacturer_Name" originx="0" originy="0" style="Default" rotation="0" justify="" flipped="False" hidden="True" data="Microchip" />
    <text name="Manufacturer_Part_Number" originx="1750" originy="200" style="Default" rotation="0" justify="left" flipped="False" hidden="False" data="PIC16F15323T-I/SL" />
  </component>
</quadcept_library>
