<?xml version="1.0" encoding="utf-8"?>
<!--/262434/55039/2.49/5/4/Connector/-->
<quadcept_library>
  <setting unit="mil" />
  <textstyle name="Default" height="47.244094488189" strokewidth="7.8740157480315" charwidth="47.244094488189" />
  <textstyle name="Dimension" height="19.6850393700787" strokewidth="0" charwidth="19.6850393700787" />
  <textstyle name="H127W0635TH00762" height="50" strokewidth="3" charwidth="25" />
  <textstyle name="H15W15TH02" height="59.0551181102362" strokewidth="7.8740157480315" charwidth="59.0551181102362" />
  <padstyle name="c214.5_h143" surface="False" plated="True" isvia="False" nopaste="True" nomask="True" complex="False" holesize="56.299212598425">
    <padshape layer="TOP" shape="round" width="84.448818897637" height="84.448818897637" />
    <padshape layer="TOP_SOLDER_MASK" shape="round" width="92.322834645668" height="92.322834645668" />
    <padshape layer="INNER" shape="round" width="84.448818897637" height="84.448818897637" />
    <padshape layer="BOTTOM" shape="round" width="84.448818897637" height="84.448818897637" />
    <padshape layer="BOTTOM_SOLDER_MASK" shape="round" width="92.322834645668" height="92.322834645668" />
  </padstyle>
  <footprint name="STX37905N" originx="0" originy="0" pickpointx="0" pickpointy="0">
    <pcbpin number="1" name="1" style="c214.5_h143" originx="0" originy="0" rotation="90" />
    <pcbpin number="2" name="2" style="c214.5_h143" originx="33.464566929133" originy="99.409448818896" rotation="90" />
    <pcbpin number="3" name="3" style="c214.5_h143" originx="281.49606299212" originy="-67.913385826771" rotation="90" />
    <pcbpin number="4" name="4" style="c214.5_h143" originx="311.02362204724" originy="31.496062992126" rotation="90" />
    <pcbpin number="5" name="5" style="c214.5_h143" originx="96.456692913385" originy="-67.913385826771" rotation="90" />
    <line layer="TOP_ASSEMBLY" originx="-25.590551181102" originy="-72.83464566929" endx="340.55118110236" endy="-72.83464566929" width="7.8740157480314" />
    <line layer="TOP_ASSEMBLY" originx="340.55118110236" originy="-72.83464566929" endx="340.55118110236" endy="104.33070866142" width="7.8740157480314" />
    <line layer="TOP_ASSEMBLY" originx="340.55118110236" originy="104.33070866142" endx="-25.590551181102" endy="104.33070866142" width="7.8740157480314" />
    <line layer="TOP_ASSEMBLY" originx="-25.590551181102" originy="104.33070866142" endx="-25.590551181102" endy="-72.83464566929" width="7.8740157480314" />
    <line layer="TOP_PLACE_BOUND" originx="-81.574803149605" originy="-149.48818897638" endx="392.63779527559" endy="-149.48818897638" width="3.9370078740157" />
    <line layer="TOP_PLACE_BOUND" originx="392.63779527559" originy="-149.48818897638" endx="392.63779527559" endy="181.02362204724" width="3.9370078740157" />
    <line layer="TOP_PLACE_BOUND" originx="392.63779527559" originy="181.02362204724" endx="-81.574803149605" endy="181.02362204724" width="3.9370078740157" />
    <line layer="TOP_PLACE_BOUND" originx="-81.574803149605" originy="181.02362204724" endx="-81.574803149605" endy="-149.48818897638" width="3.9370078740157" />
    <line layer="TOP_SILKSCREEN" originx="118.11023622047" originy="104.33070866142" endx="340.55118110236" endy="104.33070866142" width="3.9370078740157" />
    <line layer="TOP_SILKSCREEN" originx="340.55118110236" originy="104.33070866142" endx="340.55118110236" endy="78.740157480314" width="3.9370078740157" />
    <line layer="TOP_SILKSCREEN" originx="-59.055118110235" originy="0" endx="-59.055118110235" endy="0" width="7.8740157480314" />
    <arc layer="TOP_SILKSCREEN" originx="-66.929133858267" originy="-3.9370078740157" startangle="90.0" sweepangle="180.0" radius="-3.9370078740157" width="7.8740157480314" />
    <line layer="TOP_SILKSCREEN" originx="-59.055118110235" originy="-7.8740157480314" endx="-59.055118110235" endy="-7.8740157480314" width="7.8740157480314" />
    <arc layer="TOP_SILKSCREEN" originx="-66.929133858267" originy="-3.9370078740157" startangle="-90.0" sweepangle="180.0" radius="-3.9370078740157" width="7.8740157480314" />
  </footprint>
  <symbol name="STX-3790-5N" originx="0" originy="0">
    <line originx="200" originy="300" endx="600" endy="300" width="0" />
    <line originx="600" originy="-300" endx="600" endy="300" width="0" />
    <line originx="600" originy="-300" endx="200" endy="-300" width="0" />
    <line originx="200" originy="300" endx="200" endy="-300" width="0" />
    <sympin number="1" originx="200" originy="0" rotation="180" length="100" width="7.8740157480315" flipped="False">
      <text name="pinname" originx="230" originy="0" style="Default" rotation="0" justify="left" flipped="False" hidden="False" data="1" />
      <text name="pindes" originx="140" originy="20" style="Default" rotation="0" justify="lowerright" flipped="False" hidden="False" data="1" />
    </sympin>
    <sympin number="2" originx="400" originy="300" rotation="90" length="100" width="7.8740157480315" flipped="False">
      <text name="pinname" originx="400" originy="270" style="Default" rotation="0" justify="right" flipped="False" hidden="False" data="2" />
      <text name="pindes" originx="380" originy="360" style="Default" rotation="0" justify="lowerleft" flipped="False" hidden="False" data="2" />
    </sympin>
    <sympin number="3" originx="400" originy="-300" rotation="270" length="100" width="7.8740157480315" flipped="False">
      <text name="pinname" originx="400" originy="-270" style="Default" rotation="0" justify="left" flipped="False" hidden="False" data="3" />
      <text name="pindes" originx="380" originy="-360" style="Default" rotation="0" justify="lowerright" flipped="False" hidden="False" data="3" />
    </sympin>
    <sympin number="4" originx="600" originy="0" rotation="0" length="100" width="7.8740157480315" flipped="False">
      <text name="pinname" originx="570" originy="0" style="Default" rotation="0" justify="right" flipped="False" hidden="False" data="4" />
      <text name="pindes" originx="660" originy="20" style="Default" rotation="0" justify="lowerleft" flipped="False" hidden="False" data="4" />
    </sympin>
    <sympin number="5" originx="300" originy="-300" rotation="270" length="100" width="7.8740157480315" flipped="False">
      <text name="pinname" originx="300" originy="-270" style="Default" rotation="0" justify="left" flipped="False" hidden="False" data="5" />
      <text name="pindes" originx="280" originy="-360" style="Default" rotation="0" justify="lowerright" flipped="False" hidden="False" data="5" />
    </sympin>
  </symbol>
  <component name="STX-3790-5N" designatorprefix="J" height="521.65354330708" footprint="STX37905N">
    <comppin designator="1" sympin="1" pinswap="0" gateswap="0" gate="1" group="1" side="" type="Any" name="1" />
    <comppin designator="2" sympin="2" pinswap="0" gateswap="0" gate="1" group="1" side="" type="Any" name="2" />
    <comppin designator="3" sympin="3" pinswap="0" gateswap="0" gate="1" group="1" side="" type="Any" name="3" />
    <comppin designator="4" sympin="4" pinswap="0" gateswap="0" gate="1" group="1" side="" type="Any" name="4" />
    <comppin designator="5" sympin="5" pinswap="0" gateswap="0" gate="1" group="1" side="" type="Any" name="5" />
    <attached_symbol gate="1" name="STX-3790-5N" />
    <pinmap designator="1" footprintpin="1" />
    <pinmap designator="2" footprintpin="2" />
    <pinmap designator="3" footprintpin="3" />
    <pinmap designator="4" footprintpin="4" />
    <pinmap designator="5" footprintpin="5" />
    <text name="Datasheet" originx="0" originy="0" style="Default" rotation="0" justify="" flipped="False" hidden="True" data="http://www.kycon.com/Pub_Eng_Draw/STX-3790-5N.pdf" />
    <text name="Description" originx="0" originy="0" style="Default" rotation="0" justify="" flipped="False" hidden="True" data="Phone Connectors 3.5MM VERT MNT 3POLE 5P BLK W/O PLATE" />
    <text name="RS Part Number" originx="0" originy="0" style="Default" rotation="0" justify="" flipped="False" hidden="True" data="" />
    <text name="RS Price/Stock" originx="0" originy="0" style="Default" rotation="0" justify="" flipped="False" hidden="True" data="" />
    <text name="Manufacturer_Name" originx="0" originy="0" style="Default" rotation="0" justify="" flipped="False" hidden="True" data="Kycon" />
    <text name="Manufacturer_Part_Number" originx="650" originy="400" style="Default" rotation="0" justify="left" flipped="False" hidden="False" data="STX-3790-5N" />
  </component>
</quadcept_library>
